﻿<?xml version="1.0" encoding="utf-8"?>
<device type="DMXDevice" dmxaddresscount="13" dmxcversion="3.1.0" ddfversion="1.0">
  <information>
    <ddf-library-id>1825</ddf-library-id>
    <model>PicoWash 40 Pixel Quad LED</model>
    <vendor>Fun Generation</vendor>
    <author>Luca Lutz</author>
    <mode>13 Channel Mode</mode>
  </information>
  <functions>
    <position>
      <pan dmxchannel="0" finedmxchannel="1">
        <range range="540" />
      </pan>
      <tilt dmxchannel="2" finedmxchannel="3">
        <range range="180" />
      </tilt>
    </position>
    <ptspeed dmxchannel="4">
      <range type="linear" mindmx="255" maxdmx="0" minval="0" maxval="100" />
    </ptspeed>
    <dimmer dmxchannel="5">
      <range type="linear" mindmx="0" maxdmx="255" minval="0" maxval="100" />
    </dimmer>
    <strobe dmxchannel="6">
      <step type="open" mindmx="0" maxdmx="9" />
      <range type="linear" mindmx="10" maxdmx="255" minval="1" maxval="25" />
    </strobe>
    <rgb>
      <red dmxchannel="7" />
      <green dmxchannel="8" />
      <blue dmxchannel="9" />
    </rgb>
    <raw dmxchannel="10" name="White">
      <range type="linear" mindmx="0" maxdmx="255" minval="0" maxval="1" />
    </raw>
    <rawstep dmxchannel="11" name="Macros">
      <step caption="No Color" mindmx="0" maxdmx="49" />
      <step caption="Red" mindmx="50" maxdmx="59" />
      <step caption="Green" mindmx="60" maxdmx="69" />
      <step caption="Blue" mindmx="70" maxdmx="79" />
      <step caption="White" mindmx="80" maxdmx="89" />
      <step caption="Yellow" mindmx="90" maxdmx="99" />
      <step caption="Cyan" mindmx="100" maxdmx="109" />
      <step caption="Lila" mindmx="110" maxdmx="119" />
      <step caption="All white" mindmx="120" maxdmx="129" />
      <step caption="Blank" mindmx="130" maxdmx="139" />
      <step caption="Auto Program 1" mindmx="140" maxdmx="149" />
      <step caption="Auto Program 2" mindmx="150" maxdmx="159" />
      <step caption="Auto Program 3" mindmx="160" maxdmx="169" />
      <step caption="Auto Program 4" mindmx="170" maxdmx="179" />
      <step caption="Auto Program 5" mindmx="180" maxdmx="189" />
      <step caption="Auto Program 6" mindmx="190" maxdmx="199" />
      <step caption="Auto Program 7" mindmx="200" maxdmx="209" />
      <step caption="Auto Program 8" mindmx="210" maxdmx="219" />
      <step caption="Auto Program 9" mindmx="220" maxdmx="229" />
      <step caption="Blank" mindmx="230" maxdmx="233" />
      <step caption="Reset" mindmx="234" maxdmx="236" />
      <step caption="Blank" mindmx="237" maxdmx="249" />
      <step caption="Music Controlled Mode" mindmx="250" maxdmx="255" />
    </rawstep>
    <raw dmxchannel="12" name="Responsibility">
      <range type="linear" mindmx="0" maxdmx="255" minval="0" maxval="100" />
    </raw>
  </functions>
  <procedures />
</device>