<ManagedTreeData Version="1">
  <TreeItem Name="Banks">
    <TreeItem Name="Bank">
      <Attribute Name="ID" Type="Primitive" ValueType="String" Value="bedbd3d9-d2ef-4403-a4ac-8242497a92ef" />
      <Attribute Name="Active" Type="Primitive" ValueType="Boolean" Value="True" />
      <Attribute Name="Name" Type="Primitive" ValueType="String" Value="New Bank" />
      <Attribute Name="Number" Type="Primitive" ValueType="UInt32" Value="1" />
      <Attribute Name="ZZ_SAVE_INDEX" Type="Primitive" ValueType="Int32" Value="0" />
    </TreeItem>
  </TreeItem>
</ManagedTreeData>