<ManagedTreeData Version="1">
  <TreeItem Name="DeviceGroups">
    <TreeItem Name="DeviceGroup">
      <Attribute Name="ID" Type="Primitive" ValueType="String" Value="b9bd6c0b-89c3-4ead-a63a-cc2e11449f4a" />
      <Attribute Name="ZZ_SAVE_INDEX" Type="Primitive" ValueType="Int32" Value="0" />
      <TreeItem Name="Parameter">
        <Attribute Name="Name" Type="Primitive" ValueType="String" Value="Name" />
        <Attribute Name="Value" Type="Primitive" ValueType="String" Value="MH-X25 Group" />
      </TreeItem>
      <TreeItem Name="Parameter">
        <Attribute Name="Name" Type="Primitive" ValueType="String" Value="Group Number" />
        <Attribute Name="Value" Type="Primitive" ValueType="UInt32" Value="2" />
      </TreeItem>
      <TreeItem Name="Parameter">
        <Attribute Name="Name" Type="Primitive" ValueType="String" Value="Group Master" />
        <Attribute Name="Value" Type="Primitive" ValueType="Boolean" Value="True" />
      </TreeItem>
      <TreeItem Name="Parameter">
        <Attribute Name="Name" Type="Primitive" ValueType="String" Value="Image" />
        <Attribute Name="Value" Type="XmlSerializer" ValueType="org.dmxc.lumos.Kernel.Devices.DeviceImage, LumosLIB, Version=3.2.496.0, Culture=neutral, PublicKeyToken=null">
          <DeviceImage xmlns:xsi="http://www.w3.org/2001/XMLSchema-instance" xmlns:xsd="http://www.w3.org/2001/XMLSchema">
            <Image>IMG-000320.png</Image>
          </DeviceImage>
        </Attribute>
      </TreeItem>
      <TreeItem Name="Device">
        <Attribute Name="DeviceID" Type="Primitive" ValueType="String" Value="246765a7-3aa2-428f-8917-4742a4783259" />
      </TreeItem>
      <TreeItem Name="Device">
        <Attribute Name="DeviceID" Type="Primitive" ValueType="String" Value="4bd4dc4f-50de-42c7-89e1-f539908de05e" />
      </TreeItem>
    </TreeItem>
    <TreeItem Name="DeviceGroup">
      <Attribute Name="ID" Type="Primitive" ValueType="String" Value="94b05879-70fa-42e3-bfa6-ff20a7d75b8b" />
      <Attribute Name="ZZ_SAVE_INDEX" Type="Primitive" ValueType="Int32" Value="1" />
      <TreeItem Name="Parameter">
        <Attribute Name="Name" Type="Primitive" ValueType="String" Value="Name" />
        <Attribute Name="Value" Type="Primitive" ValueType="String" Value="LED PAR 64 Group" />
      </TreeItem>
      <TreeItem Name="Parameter">
        <Attribute Name="Name" Type="Primitive" ValueType="String" Value="Group Number" />
        <Attribute Name="Value" Type="Primitive" ValueType="UInt32" Value="3" />
      </TreeItem>
      <TreeItem Name="Parameter">
        <Attribute Name="Name" Type="Primitive" ValueType="String" Value="Group Master" />
        <Attribute Name="Value" Type="Primitive" ValueType="Boolean" Value="True" />
      </TreeItem>
      <TreeItem Name="Parameter">
        <Attribute Name="Name" Type="Primitive" ValueType="String" Value="Image" />
        <Attribute Name="Value" Type="XmlSerializer" ValueType="org.dmxc.lumos.Kernel.Devices.DeviceImage, LumosLIB, Version=3.2.496.0, Culture=neutral, PublicKeyToken=null">
          <DeviceImage xmlns:xsi="http://www.w3.org/2001/XMLSchema-instance" xmlns:xsd="http://www.w3.org/2001/XMLSchema">
            <Image>6867798_800.jpg</Image>
          </DeviceImage>
        </Attribute>
      </TreeItem>
      <TreeItem Name="Device">
        <Attribute Name="DeviceID" Type="Primitive" ValueType="String" Value="06639a5e-63c0-47ff-a481-39fc4e6b44cc" />
      </TreeItem>
      <TreeItem Name="Device">
        <Attribute Name="DeviceID" Type="Primitive" ValueType="String" Value="bb07ff28-fb43-4802-8802-dd17afa21f4f" />
      </TreeItem>
    </TreeItem>
    <TreeItem Name="DeviceGroup">
      <Attribute Name="ID" Type="Primitive" ValueType="String" Value="adb58cef-1102-4d17-b47a-2df7f08978a0" />
      <Attribute Name="ZZ_SAVE_INDEX" Type="Primitive" ValueType="Int32" Value="2" />
      <TreeItem Name="Parameter">
        <Attribute Name="Name" Type="Primitive" ValueType="String" Value="Name" />
        <Attribute Name="Value" Type="Primitive" ValueType="String" Value="PAR64 Back Group" />
      </TreeItem>
      <TreeItem Name="Parameter">
        <Attribute Name="Name" Type="Primitive" ValueType="String" Value="Group Number" />
        <Attribute Name="Value" Type="Primitive" ValueType="UInt32" Value="4" />
      </TreeItem>
      <TreeItem Name="Parameter">
        <Attribute Name="Name" Type="Primitive" ValueType="String" Value="Group Master" />
        <Attribute Name="Value" Type="Primitive" ValueType="Boolean" Value="True" />
      </TreeItem>
      <TreeItem Name="Parameter">
        <Attribute Name="Name" Type="Primitive" ValueType="String" Value="Image" />
        <Attribute Name="Value" Type="XmlSerializer" ValueType="org.dmxc.lumos.Kernel.Devices.DeviceImage, LumosLIB, Version=3.2.496.0, Culture=neutral, PublicKeyToken=null">
          <DeviceImage xmlns:xsi="http://www.w3.org/2001/XMLSchema-instance" xmlns:xsd="http://www.w3.org/2001/XMLSchema">
            <Image>12995129_800-1.jpg</Image>
          </DeviceImage>
        </Attribute>
      </TreeItem>
      <TreeItem Name="Device">
        <Attribute Name="DeviceID" Type="Primitive" ValueType="String" Value="2f821243-e2e7-4a31-b584-9d83b269f2eb" />
      </TreeItem>
      <TreeItem Name="Device">
        <Attribute Name="DeviceID" Type="Primitive" ValueType="String" Value="67459734-db8c-4db7-ab0e-113a407efb23" />
      </TreeItem>
      <TreeItem Name="Device">
        <Attribute Name="DeviceID" Type="Primitive" ValueType="String" Value="7630a55e-6171-4f43-aa38-2a147f11425d" />
      </TreeItem>
      <TreeItem Name="Device">
        <Attribute Name="DeviceID" Type="Primitive" ValueType="String" Value="1228d1b5-1eab-46c4-b1c9-808e777f7fed" />
      </TreeItem>
      <TreeItem Name="Device">
        <Attribute Name="DeviceID" Type="Primitive" ValueType="String" Value="366c8afa-f46d-481f-9098-25219490d971" />
      </TreeItem>
      <TreeItem Name="Device">
        <Attribute Name="DeviceID" Type="Primitive" ValueType="String" Value="2785157d-b2ae-44ab-b3e4-24e80d0c277f" />
      </TreeItem>
    </TreeItem>
    <TreeItem Name="DeviceGroup">
      <Attribute Name="ID" Type="Primitive" ValueType="String" Value="893179fc-7b8f-477d-8944-7ca11bca7b12" />
      <Attribute Name="ZZ_SAVE_INDEX" Type="Primitive" ValueType="Int32" Value="3" />
      <TreeItem Name="Parameter">
        <Attribute Name="Name" Type="Primitive" ValueType="String" Value="Name" />
        <Attribute Name="Value" Type="Primitive" ValueType="String" Value="MH-110 Wash 7x10 LED Group" />
      </TreeItem>
      <TreeItem Name="Parameter">
        <Attribute Name="Name" Type="Primitive" ValueType="String" Value="Group Number" />
        <Attribute Name="Value" Type="Primitive" ValueType="UInt32" Value="5" />
      </TreeItem>
      <TreeItem Name="Parameter">
        <Attribute Name="Name" Type="Primitive" ValueType="String" Value="Group Master" />
        <Attribute Name="Value" Type="Primitive" ValueType="Boolean" Value="True" />
      </TreeItem>
      <TreeItem Name="Parameter">
        <Attribute Name="Name" Type="Primitive" ValueType="String" Value="Image" />
        <Attribute Name="Value" Type="XmlSerializer" ValueType="org.dmxc.lumos.Kernel.Devices.DeviceImage, LumosLIB, Version=3.2.496.0, Culture=neutral, PublicKeyToken=null">
          <DeviceImage xmlns:xsi="http://www.w3.org/2001/XMLSchema-instance" xmlns:xsd="http://www.w3.org/2001/XMLSchema">
            <Image>13685096_800.jpg</Image>
          </DeviceImage>
        </Attribute>
      </TreeItem>
      <TreeItem Name="Device">
        <Attribute Name="DeviceID" Type="Primitive" ValueType="String" Value="9805ad23-4bc0-4f5a-946b-a1c6bffacfc5" />
      </TreeItem>
      <TreeItem Name="Device">
        <Attribute Name="DeviceID" Type="Primitive" ValueType="String" Value="0687e1c2-179d-4f3b-9ff6-eb5866a70704" />
      </TreeItem>
    </TreeItem>
    <TreeItem Name="DeviceGroup">
      <Attribute Name="ID" Type="Primitive" ValueType="String" Value="62684020-05de-4103-8f69-f49b58cefa78" />
      <Attribute Name="ZZ_SAVE_INDEX" Type="Primitive" ValueType="Int32" Value="4" />
      <TreeItem Name="Parameter">
        <Attribute Name="Name" Type="Primitive" ValueType="String" Value="Name" />
        <Attribute Name="Value" Type="Primitive" ValueType="String" Value="TS-255 Group" />
      </TreeItem>
      <TreeItem Name="Parameter">
        <Attribute Name="Name" Type="Primitive" ValueType="String" Value="Group Number" />
        <Attribute Name="Value" Type="Primitive" ValueType="UInt32" Value="6" />
      </TreeItem>
      <TreeItem Name="Parameter">
        <Attribute Name="Name" Type="Primitive" ValueType="String" Value="Group Master" />
        <Attribute Name="Value" Type="Primitive" ValueType="Boolean" Value="True" />
      </TreeItem>
      <TreeItem Name="Parameter">
        <Attribute Name="Name" Type="Primitive" ValueType="String" Value="Image" />
        <Attribute Name="Value" Type="XmlSerializer" ValueType="org.dmxc.lumos.Kernel.Devices.DeviceImage, LumosLIB, Version=3.2.496.0, Culture=neutral, PublicKeyToken=null">
          <DeviceImage xmlns:xsi="http://www.w3.org/2001/XMLSchema-instance" xmlns:xsd="http://www.w3.org/2001/XMLSchema">
            <Image>IMG-000269.png</Image>
          </DeviceImage>
        </Attribute>
      </TreeItem>
      <TreeItem Name="Device">
        <Attribute Name="DeviceID" Type="Primitive" ValueType="String" Value="0cf10d52-956a-45c4-b0f4-3724fa7c35c5" />
      </TreeItem>
      <TreeItem Name="Device">
        <Attribute Name="DeviceID" Type="Primitive" ValueType="String" Value="65558eed-0d58-4704-88b0-e99765540f27" />
      </TreeItem>
      <TreeItem Name="Device">
        <Attribute Name="DeviceID" Type="Primitive" ValueType="String" Value="f347c17c-2f6e-4472-9ddb-13156ce24501" />
      </TreeItem>
      <TreeItem Name="Device">
        <Attribute Name="DeviceID" Type="Primitive" ValueType="String" Value="b0980cbd-271d-43b1-83fc-3267d6295188" />
      </TreeItem>
    </TreeItem>
    <TreeItem Name="DeviceGroup">
      <Attribute Name="ID" Type="Primitive" ValueType="String" Value="bed95336-9f2a-4a8e-bf34-f7a807fea7d9" />
      <Attribute Name="ZZ_SAVE_INDEX" Type="Primitive" ValueType="Int32" Value="5" />
      <TreeItem Name="Parameter">
        <Attribute Name="Name" Type="Primitive" ValueType="String" Value="Name" />
        <Attribute Name="Value" Type="Primitive" ValueType="String" Value="MovingLight" />
      </TreeItem>
      <TreeItem Name="Parameter">
        <Attribute Name="Name" Type="Primitive" ValueType="String" Value="Group Number" />
        <Attribute Name="Value" Type="Primitive" ValueType="UInt32" Value="1" />
      </TreeItem>
      <TreeItem Name="Parameter">
        <Attribute Name="Name" Type="Primitive" ValueType="String" Value="Group Master" />
        <Attribute Name="Value" Type="Primitive" ValueType="Boolean" Value="True" />
      </TreeItem>
      <TreeItem Name="Parameter">
        <Attribute Name="Name" Type="Primitive" ValueType="String" Value="Image" />
        <Attribute Name="Value" Type="XmlSerializer" ValueType="org.dmxc.lumos.Kernel.Devices.DeviceImage, LumosLIB, Version=3.2.496.0, Culture=neutral, PublicKeyToken=null">
          <DeviceImage xmlns:xsi="http://www.w3.org/2001/XMLSchema-instance" xmlns:xsd="http://www.w3.org/2001/XMLSchema">
            <Image>IMG-000320.png</Image>
          </DeviceImage>
        </Attribute>
      </TreeItem>
      <TreeItem Name="Device">
        <Attribute Name="DeviceID" Type="Primitive" ValueType="String" Value="9805ad23-4bc0-4f5a-946b-a1c6bffacfc5" />
      </TreeItem>
      <TreeItem Name="Device">
        <Attribute Name="DeviceID" Type="Primitive" ValueType="String" Value="0687e1c2-179d-4f3b-9ff6-eb5866a70704" />
      </TreeItem>
      <TreeItem Name="Device">
        <Attribute Name="DeviceID" Type="Primitive" ValueType="String" Value="4bd4dc4f-50de-42c7-89e1-f539908de05e" />
      </TreeItem>
      <TreeItem Name="Device">
        <Attribute Name="DeviceID" Type="Primitive" ValueType="String" Value="246765a7-3aa2-428f-8917-4742a4783259" />
      </TreeItem>
      <TreeItem Name="Device">
        <Attribute Name="DeviceID" Type="Primitive" ValueType="String" Value="f347c17c-2f6e-4472-9ddb-13156ce24501" />
      </TreeItem>
      <TreeItem Name="Device">
        <Attribute Name="DeviceID" Type="Primitive" ValueType="String" Value="0cf10d52-956a-45c4-b0f4-3724fa7c35c5" />
      </TreeItem>
      <TreeItem Name="Device">
        <Attribute Name="DeviceID" Type="Primitive" ValueType="String" Value="b0980cbd-271d-43b1-83fc-3267d6295188" />
      </TreeItem>
      <TreeItem Name="Device">
        <Attribute Name="DeviceID" Type="Primitive" ValueType="String" Value="65558eed-0d58-4704-88b0-e99765540f27" />
      </TreeItem>
      <TreeItem Name="Device">
        <Attribute Name="DeviceID" Type="Primitive" ValueType="String" Value="8d8a4db0-ee4b-43ef-8083-039f574ccfb6" />
      </TreeItem>
      <TreeItem Name="Device">
        <Attribute Name="DeviceID" Type="Primitive" ValueType="String" Value="4a6a9065-e76a-42ed-8b3c-b6244ea658d6" />
      </TreeItem>
      <TreeItem Name="Device">
        <Attribute Name="DeviceID" Type="Primitive" ValueType="String" Value="7d141203-00cb-4f64-816d-2855e30b7241" />
      </TreeItem>
      <TreeItem Name="Device">
        <Attribute Name="DeviceID" Type="Primitive" ValueType="String" Value="0fe114f1-d8ae-494e-abbf-1f2ebe656dc4" />
      </TreeItem>
    </TreeItem>
    <TreeItem Name="DeviceGroup">
      <Attribute Name="ID" Type="Primitive" ValueType="String" Value="b0124d0e-6881-4585-a899-904953e58030" />
      <Attribute Name="ZZ_SAVE_INDEX" Type="Primitive" ValueType="Int32" Value="6" />
      <TreeItem Name="Parameter">
        <Attribute Name="Name" Type="Primitive" ValueType="String" Value="Name" />
        <Attribute Name="Value" Type="Primitive" ValueType="String" Value="Fresenel Stage" />
      </TreeItem>
      <TreeItem Name="Parameter">
        <Attribute Name="Name" Type="Primitive" ValueType="String" Value="Group Number" />
        <Attribute Name="Value" Type="Primitive" ValueType="UInt32" Value="7" />
      </TreeItem>
      <TreeItem Name="Parameter">
        <Attribute Name="Name" Type="Primitive" ValueType="String" Value="Group Master" />
        <Attribute Name="Value" Type="Primitive" ValueType="Boolean" Value="True" />
      </TreeItem>
      <TreeItem Name="Parameter">
        <Attribute Name="Name" Type="Primitive" ValueType="String" Value="Image" />
        <Attribute Name="Value" Type="XmlSerializer" ValueType="org.dmxc.lumos.Kernel.Devices.DeviceImage, LumosLIB, Version=3.2.496.0, Culture=neutral, PublicKeyToken=null">
          <DeviceImage xmlns:xsi="http://www.w3.org/2001/XMLSchema-instance" xmlns:xsd="http://www.w3.org/2001/XMLSchema">
            <Image>Strand-Quartet-Fresnel.jpg</Image>
          </DeviceImage>
        </Attribute>
      </TreeItem>
      <TreeItem Name="Device">
        <Attribute Name="DeviceID" Type="Primitive" ValueType="String" Value="98f856fb-2239-4ada-824c-201ff14e6a08" />
      </TreeItem>
      <TreeItem Name="Device">
        <Attribute Name="DeviceID" Type="Primitive" ValueType="String" Value="85abf995-4510-4add-a6d8-eb7e838b35f2" />
      </TreeItem>
    </TreeItem>
    <TreeItem Name="DeviceGroup">
      <Attribute Name="ID" Type="Primitive" ValueType="String" Value="13ac88ee-a908-4b16-b4fc-86a79ccee179" />
      <Attribute Name="ZZ_SAVE_INDEX" Type="Primitive" ValueType="Int32" Value="7" />
      <TreeItem Name="Parameter">
        <Attribute Name="Name" Type="Primitive" ValueType="String" Value="Name" />
        <Attribute Name="Value" Type="Primitive" ValueType="String" Value="Fresenel Front" />
      </TreeItem>
      <TreeItem Name="Parameter">
        <Attribute Name="Name" Type="Primitive" ValueType="String" Value="Group Number" />
        <Attribute Name="Value" Type="Primitive" ValueType="UInt32" Value="8" />
      </TreeItem>
      <TreeItem Name="Parameter">
        <Attribute Name="Name" Type="Primitive" ValueType="String" Value="Group Master" />
        <Attribute Name="Value" Type="Primitive" ValueType="Boolean" Value="True" />
      </TreeItem>
      <TreeItem Name="Parameter">
        <Attribute Name="Name" Type="Primitive" ValueType="String" Value="Image" />
        <Attribute Name="Value" Type="XmlSerializer" ValueType="org.dmxc.lumos.Kernel.Devices.DeviceImage, LumosLIB, Version=3.2.496.0, Culture=neutral, PublicKeyToken=null">
          <DeviceImage xmlns:xsi="http://www.w3.org/2001/XMLSchema-instance" xmlns:xsd="http://www.w3.org/2001/XMLSchema">
            <Image>Strand-Quartet-Fresnel.jpg</Image>
          </DeviceImage>
        </Attribute>
      </TreeItem>
      <TreeItem Name="Device">
        <Attribute Name="DeviceID" Type="Primitive" ValueType="String" Value="89425351-8515-43ca-b771-f77e7a29ca81" />
      </TreeItem>
      <TreeItem Name="Device">
        <Attribute Name="DeviceID" Type="Primitive" ValueType="String" Value="04fd0de2-af3e-4d98-99f6-5aaa4ece265e" />
      </TreeItem>
    </TreeItem>
    <TreeItem Name="DeviceGroup">
      <Attribute Name="ID" Type="Primitive" ValueType="String" Value="ee91d619-d60b-46dc-a628-c3f5bd3b1e42" />
      <Attribute Name="ZZ_SAVE_INDEX" Type="Primitive" ValueType="Int32" Value="8" />
      <TreeItem Name="Parameter">
        <Attribute Name="Name" Type="Primitive" ValueType="String" Value="Name" />
        <Attribute Name="Value" Type="Primitive" ValueType="String" Value="Fresnel Back" />
      </TreeItem>
      <TreeItem Name="Parameter">
        <Attribute Name="Name" Type="Primitive" ValueType="String" Value="Group Number" />
        <Attribute Name="Value" Type="Primitive" ValueType="UInt32" Value="9" />
      </TreeItem>
      <TreeItem Name="Parameter">
        <Attribute Name="Name" Type="Primitive" ValueType="String" Value="Group Master" />
        <Attribute Name="Value" Type="Primitive" ValueType="Boolean" Value="True" />
      </TreeItem>
      <TreeItem Name="Parameter">
        <Attribute Name="Name" Type="Primitive" ValueType="String" Value="Image" />
        <Attribute Name="Value" Type="XmlSerializer" ValueType="org.dmxc.lumos.Kernel.Devices.DeviceImage, LumosLIB, Version=3.2.496.0, Culture=neutral, PublicKeyToken=null">
          <DeviceImage xmlns:xsi="http://www.w3.org/2001/XMLSchema-instance" xmlns:xsd="http://www.w3.org/2001/XMLSchema">
            <Image>Strand-Quartet-Fresnel.jpg</Image>
          </DeviceImage>
        </Attribute>
      </TreeItem>
      <TreeItem Name="Device">
        <Attribute Name="DeviceID" Type="Primitive" ValueType="String" Value="4c64e993-eb2c-4f59-84a4-9010d3922aa3" />
      </TreeItem>
      <TreeItem Name="Device">
        <Attribute Name="DeviceID" Type="Primitive" ValueType="String" Value="75eab5de-0cfb-4b0e-ad27-71eb20cc2994" />
      </TreeItem>
    </TreeItem>
    <TreeItem Name="DeviceGroup">
      <Attribute Name="ID" Type="Primitive" ValueType="String" Value="7578daca-57f7-41a4-ab68-ecc5935cd95b" />
      <Attribute Name="ZZ_SAVE_INDEX" Type="Primitive" ValueType="Int32" Value="9" />
      <TreeItem Name="Parameter">
        <Attribute Name="Name" Type="Primitive" ValueType="String" Value="Name" />
        <Attribute Name="Value" Type="Primitive" ValueType="String" Value="LED Bar 240/8 RGB Group" />
      </TreeItem>
      <TreeItem Name="Parameter">
        <Attribute Name="Name" Type="Primitive" ValueType="String" Value="Group Number" />
        <Attribute Name="Value" Type="Primitive" ValueType="UInt32" Value="10" />
      </TreeItem>
      <TreeItem Name="Parameter">
        <Attribute Name="Name" Type="Primitive" ValueType="String" Value="Group Master" />
        <Attribute Name="Value" Type="Primitive" ValueType="Boolean" Value="True" />
      </TreeItem>
      <TreeItem Name="Parameter">
        <Attribute Name="Name" Type="Primitive" ValueType="String" Value="Image" />
        <Attribute Name="Value" Type="XmlSerializer" ValueType="org.dmxc.lumos.Kernel.Devices.DeviceImage, LumosLIB, Version=3.2.496.0, Culture=neutral, PublicKeyToken=null">
          <DeviceImage xmlns:xsi="http://www.w3.org/2001/XMLSchema-instance" xmlns:xsd="http://www.w3.org/2001/XMLSchema">
            <Image>7a1d50f6880678ae591b68916c10716f.jpg</Image>
          </DeviceImage>
        </Attribute>
      </TreeItem>
      <TreeItem Name="Device">
        <Attribute Name="DeviceID" Type="Primitive" ValueType="String" Value="e425c13e-9727-4551-8d3a-f06bd39b89ee" />
      </TreeItem>
      <TreeItem Name="Device">
        <Attribute Name="DeviceID" Type="Primitive" ValueType="String" Value="8fb20f81-12ed-4cb9-88bd-e179dded3d4d" />
      </TreeItem>
      <TreeItem Name="Device">
        <Attribute Name="DeviceID" Type="Primitive" ValueType="String" Value="acaf8ec7-8392-47cd-b988-492ffce3e381" />
      </TreeItem>
      <TreeItem Name="Device">
        <Attribute Name="DeviceID" Type="Primitive" ValueType="String" Value="e2275435-6c0b-44b9-ac07-ac38e6f39d3c" />
      </TreeItem>
    </TreeItem>
    <TreeItem Name="DeviceGroup">
      <Attribute Name="ID" Type="Primitive" ValueType="String" Value="465e0160-7005-456c-80da-e30d8b39b1cd" />
      <Attribute Name="ZZ_SAVE_INDEX" Type="Primitive" ValueType="Int32" Value="10" />
      <TreeItem Name="Parameter">
        <Attribute Name="Name" Type="Primitive" ValueType="String" Value="Name" />
        <Attribute Name="Value" Type="Primitive" ValueType="String" Value="KL FRESNEL 6 Group" />
      </TreeItem>
      <TreeItem Name="Parameter">
        <Attribute Name="Name" Type="Primitive" ValueType="String" Value="Group Number" />
        <Attribute Name="Value" Type="Primitive" ValueType="UInt32" Value="11" />
      </TreeItem>
      <TreeItem Name="Parameter">
        <Attribute Name="Name" Type="Primitive" ValueType="String" Value="Group Master" />
        <Attribute Name="Value" Type="Primitive" ValueType="Boolean" Value="True" />
      </TreeItem>
      <TreeItem Name="Parameter">
        <Attribute Name="Name" Type="Primitive" ValueType="String" Value="Image" />
        <Attribute Name="Value" Type="XmlSerializer" ValueType="org.dmxc.lumos.Kernel.Devices.DeviceImage, LumosLIB, Version=3.2.496.0, Culture=neutral, PublicKeyToken=null">
          <DeviceImage xmlns:xsi="http://www.w3.org/2001/XMLSchema-instance" xmlns:xsd="http://www.w3.org/2001/XMLSchema">
            <Image>1525098064_1402344.jpg</Image>
          </DeviceImage>
        </Attribute>
      </TreeItem>
      <TreeItem Name="Device">
        <Attribute Name="DeviceID" Type="Primitive" ValueType="String" Value="c83d6967-551f-498c-a7f5-6f1340a51e82" />
      </TreeItem>
      <TreeItem Name="Device">
        <Attribute Name="DeviceID" Type="Primitive" ValueType="String" Value="09962504-d2ff-48bc-981d-b8611fdf976e" />
      </TreeItem>
      <TreeItem Name="Device">
        <Attribute Name="DeviceID" Type="Primitive" ValueType="String" Value="2081861a-1079-4f61-bd56-19a38ffeaf3e" />
      </TreeItem>
      <TreeItem Name="Device">
        <Attribute Name="DeviceID" Type="Primitive" ValueType="String" Value="4bc0b02b-eb86-4808-a511-b74204ed71cc" />
      </TreeItem>
    </TreeItem>
    <TreeItem Name="DeviceGroup">
      <Attribute Name="ID" Type="Primitive" ValueType="String" Value="42991332-7337-4068-9f6c-47bf66886fbc" />
      <Attribute Name="ZZ_SAVE_INDEX" Type="Primitive" ValueType="Int32" Value="11" />
      <TreeItem Name="Parameter">
        <Attribute Name="Name" Type="Primitive" ValueType="String" Value="Name" />
        <Attribute Name="Value" Type="Primitive" ValueType="String" Value="BSW-100 Group" />
      </TreeItem>
      <TreeItem Name="Parameter">
        <Attribute Name="Name" Type="Primitive" ValueType="String" Value="Group Number" />
        <Attribute Name="Value" Type="Primitive" ValueType="UInt32" Value="12" />
      </TreeItem>
      <TreeItem Name="Parameter">
        <Attribute Name="Name" Type="Primitive" ValueType="String" Value="Group Master" />
        <Attribute Name="Value" Type="Primitive" ValueType="Boolean" Value="True" />
      </TreeItem>
      <TreeItem Name="Parameter">
        <Attribute Name="Name" Type="Primitive" ValueType="String" Value="Image" />
        <Attribute Name="Value" Type="XmlSerializer" ValueType="org.dmxc.lumos.Kernel.Devices.DeviceImage, LumosLIB, Version=3.2.496.0, Culture=neutral, PublicKeyToken=null">
          <DeviceImage xmlns:xsi="http://www.w3.org/2001/XMLSchema-instance" xmlns:xsd="http://www.w3.org/2001/XMLSchema">
            <Image>12913543_800.jpg</Image>
          </DeviceImage>
        </Attribute>
      </TreeItem>
      <TreeItem Name="Device">
        <Attribute Name="DeviceID" Type="Primitive" ValueType="String" Value="8d8a4db0-ee4b-43ef-8083-039f574ccfb6" />
      </TreeItem>
      <TreeItem Name="Device">
        <Attribute Name="DeviceID" Type="Primitive" ValueType="String" Value="4a6a9065-e76a-42ed-8b3c-b6244ea658d6" />
      </TreeItem>
    </TreeItem>
    <TreeItem Name="DeviceGroup">
      <Attribute Name="ID" Type="Primitive" ValueType="String" Value="934dbd19-4f34-4747-ab5f-20335e3380b5" />
      <Attribute Name="ZZ_SAVE_INDEX" Type="Primitive" ValueType="Int32" Value="12" />
      <TreeItem Name="Parameter">
        <Attribute Name="Name" Type="Primitive" ValueType="String" Value="Name" />
        <Attribute Name="Value" Type="Primitive" ValueType="String" Value="MH-x200 Group" />
      </TreeItem>
      <TreeItem Name="Parameter">
        <Attribute Name="Name" Type="Primitive" ValueType="String" Value="Group Number" />
        <Attribute Name="Value" Type="Primitive" ValueType="UInt32" Value="13" />
      </TreeItem>
      <TreeItem Name="Parameter">
        <Attribute Name="Name" Type="Primitive" ValueType="String" Value="Group Master" />
        <Attribute Name="Value" Type="Primitive" ValueType="Boolean" Value="True" />
      </TreeItem>
      <TreeItem Name="Parameter">
        <Attribute Name="Name" Type="Primitive" ValueType="String" Value="Image" />
        <Attribute Name="Value" Type="XmlSerializer" ValueType="org.dmxc.lumos.Kernel.Devices.DeviceImage, LumosLIB, Version=3.2.496.0, Culture=neutral, PublicKeyToken=null">
          <DeviceImage xmlns:xsi="http://www.w3.org/2001/XMLSchema-instance" xmlns:xsd="http://www.w3.org/2001/XMLSchema">
            <Image>14494564_800.jpg</Image>
          </DeviceImage>
        </Attribute>
      </TreeItem>
      <TreeItem Name="Device">
        <Attribute Name="DeviceID" Type="Primitive" ValueType="String" Value="7d141203-00cb-4f64-816d-2855e30b7241" />
      </TreeItem>
      <TreeItem Name="Device">
        <Attribute Name="DeviceID" Type="Primitive" ValueType="String" Value="0fe114f1-d8ae-494e-abbf-1f2ebe656dc4" />
      </TreeItem>
    </TreeItem>
  </TreeItem>
</ManagedTreeData>