<ManagedTreeData Version="1">
  <TreeItem Name="KernelInput">
    <TreeItem Name="ChannelLink">
      <Attribute Name="ChannelID" Type="Primitive" ValueType="String" Value="{D1B05EE2-6C67-44cc-A656-954DE45AD896}_0" />
      <Attribute Name="ParentLayerID" Type="IResourceSerializer" SerializerName="LumosTypeSerializer">
        <TreeItem Name="SerializedInputID">
          <Attribute Name="ID" Type="Primitive" ValueType="String" Value="7f1bcebc-0060-4df0-a222-3af2a8cb690f" />
          <Attribute Name="SessionName" Type="Primitive" ValueType="String" Value="JONAS-LAP-TOP" />
        </TreeItem>
      </Attribute>
      <TreeItem Name="Listener">
        <Attribute Name="ListenerID" Type="IResourceSerializer" SerializerName="LumosTypeSerializer">
          <TreeItem Name="SerializedInputID">
            <Attribute Name="ID" Type="Primitive" ValueType="String" Value="DeviceManager" />
            <Attribute Name="SessionName" Type="Primitive" ValueType="String" Value="Kernel" />
          </TreeItem>
        </Attribute>
        <Attribute Name="MetadataID" Type="Primitive" ValueType="String" Value="{38D0B5A6-0993-42dc-8370-DCD5431FAEDA}" />
        <TreeItem Name="Listener">
          <Attribute Name="ListenerID" Type="IResourceSerializer" SerializerName="LumosTypeSerializer">
            <TreeItem Name="SerializedInputID">
              <Attribute Name="ID" Type="Primitive" ValueType="String" Value="DeviceManager" />
              <Attribute Name="SessionName" Type="Primitive" ValueType="String" Value="Kernel" />
            </TreeItem>
          </Attribute>
          <Attribute Name="MetadataID" Type="Primitive" ValueType="String" Value="246765a7-3aa2-428f-8917-4742a4783259" />
          <TreeItem Name="Listener">
            <Attribute Name="ListenerID" Type="IResourceSerializer" SerializerName="LumosTypeSerializer">
              <TreeItem Name="SerializedInputID">
                <Attribute Name="ID" Type="Primitive" ValueType="String" Value="DeviceManager" />
                <Attribute Name="SessionName" Type="Primitive" ValueType="String" Value="Kernel" />
              </TreeItem>
            </Attribute>
            <Attribute Name="MetadataID" Type="Primitive" ValueType="String" Value="0d6b0743-fe0d-479c-94d2-3488a733a996" />
            <Attribute Name="BeamNumber" Type="Primitive" ValueType="UInt32" Value="1" />
            <Attribute Name="PropertyName" Type="Primitive" ValueType="String" Value="DimmerProperty" />
          </TreeItem>
        </TreeItem>
      </TreeItem>
      <TreeItem Name="Listener">
        <Attribute Name="ListenerID" Type="IResourceSerializer" SerializerName="LumosTypeSerializer">
          <TreeItem Name="SerializedInputID">
            <Attribute Name="ID" Type="Primitive" ValueType="String" Value="DeviceManager" />
            <Attribute Name="SessionName" Type="Primitive" ValueType="String" Value="Kernel" />
          </TreeItem>
        </Attribute>
        <Attribute Name="MetadataID" Type="Primitive" ValueType="String" Value="{38D0B5A6-0993-42dc-8370-DCD5431FAEDA}" />
        <TreeItem Name="Listener">
          <Attribute Name="ListenerID" Type="IResourceSerializer" SerializerName="LumosTypeSerializer">
            <TreeItem Name="SerializedInputID">
              <Attribute Name="ID" Type="Primitive" ValueType="String" Value="DeviceManager" />
              <Attribute Name="SessionName" Type="Primitive" ValueType="String" Value="Kernel" />
            </TreeItem>
          </Attribute>
          <Attribute Name="MetadataID" Type="Primitive" ValueType="String" Value="c0a534ad-bb57-4d3b-b2d8-6b66e114f866" />
          <TreeItem Name="Listener">
            <Attribute Name="ListenerID" Type="IResourceSerializer" SerializerName="LumosTypeSerializer">
              <TreeItem Name="SerializedInputID">
                <Attribute Name="ID" Type="Primitive" ValueType="String" Value="DeviceManager" />
                <Attribute Name="SessionName" Type="Primitive" ValueType="String" Value="Kernel" />
              </TreeItem>
            </Attribute>
            <Attribute Name="MetadataID" Type="Primitive" ValueType="String" Value="7146e71d-96b7-490f-9c96-a6550ee91117" />
            <Attribute Name="BeamNumber" Type="Primitive" ValueType="UInt32" Value="1" />
            <Attribute Name="PropertyName" Type="Primitive" ValueType="String" Value="DimmerProperty" />
          </TreeItem>
        </TreeItem>
      </TreeItem>
      <TreeItem Name="Listener">
        <Attribute Name="ListenerID" Type="IResourceSerializer" SerializerName="LumosTypeSerializer">
          <TreeItem Name="SerializedInputID">
            <Attribute Name="ID" Type="Primitive" ValueType="String" Value="DeviceManager" />
            <Attribute Name="SessionName" Type="Primitive" ValueType="String" Value="Kernel" />
          </TreeItem>
        </Attribute>
        <Attribute Name="MetadataID" Type="Primitive" ValueType="String" Value="{38D0B5A6-0993-42dc-8370-DCD5431FAEDA}" />
        <TreeItem Name="Listener">
          <Attribute Name="ListenerID" Type="IResourceSerializer" SerializerName="LumosTypeSerializer">
            <TreeItem Name="SerializedInputID">
              <Attribute Name="ID" Type="Primitive" ValueType="String" Value="DeviceManager" />
              <Attribute Name="SessionName" Type="Primitive" ValueType="String" Value="Kernel" />
            </TreeItem>
          </Attribute>
          <Attribute Name="MetadataID" Type="Primitive" ValueType="String" Value="06639a5e-63c0-47ff-a481-39fc4e6b44cc" />
          <TreeItem Name="Listener">
            <Attribute Name="ListenerID" Type="IResourceSerializer" SerializerName="LumosTypeSerializer">
              <TreeItem Name="SerializedInputID">
                <Attribute Name="ID" Type="Primitive" ValueType="String" Value="DeviceManager" />
                <Attribute Name="SessionName" Type="Primitive" ValueType="String" Value="Kernel" />
              </TreeItem>
            </Attribute>
            <Attribute Name="MetadataID" Type="Primitive" ValueType="String" Value="b34892e4-54c8-4ba5-9bbd-c197fcbeecd9" />
            <Attribute Name="BeamNumber" Type="Primitive" ValueType="UInt32" Value="1" />
            <Attribute Name="PropertyName" Type="Primitive" ValueType="String" Value="DimmerProperty" />
          </TreeItem>
        </TreeItem>
      </TreeItem>
      <TreeItem Name="Listener">
        <Attribute Name="ListenerID" Type="IResourceSerializer" SerializerName="LumosTypeSerializer">
          <TreeItem Name="SerializedInputID">
            <Attribute Name="ID" Type="Primitive" ValueType="String" Value="DeviceManager" />
            <Attribute Name="SessionName" Type="Primitive" ValueType="String" Value="Kernel" />
          </TreeItem>
        </Attribute>
        <Attribute Name="MetadataID" Type="Primitive" ValueType="String" Value="{38D0B5A6-0993-42dc-8370-DCD5431FAEDA}" />
        <TreeItem Name="Listener">
          <Attribute Name="ListenerID" Type="IResourceSerializer" SerializerName="LumosTypeSerializer">
            <TreeItem Name="SerializedInputID">
              <Attribute Name="ID" Type="Primitive" ValueType="String" Value="DeviceManager" />
              <Attribute Name="SessionName" Type="Primitive" ValueType="String" Value="Kernel" />
            </TreeItem>
          </Attribute>
          <Attribute Name="MetadataID" Type="Primitive" ValueType="String" Value="bb07ff28-fb43-4802-8802-dd17afa21f4f" />
          <TreeItem Name="Listener">
            <Attribute Name="ListenerID" Type="IResourceSerializer" SerializerName="LumosTypeSerializer">
              <TreeItem Name="SerializedInputID">
                <Attribute Name="ID" Type="Primitive" ValueType="String" Value="DeviceManager" />
                <Attribute Name="SessionName" Type="Primitive" ValueType="String" Value="Kernel" />
              </TreeItem>
            </Attribute>
            <Attribute Name="MetadataID" Type="Primitive" ValueType="String" Value="9a3f0348-d972-450d-9e19-4eaf04b2ef94" />
            <Attribute Name="BeamNumber" Type="Primitive" ValueType="UInt32" Value="1" />
            <Attribute Name="PropertyName" Type="Primitive" ValueType="String" Value="DimmerProperty" />
          </TreeItem>
        </TreeItem>
      </TreeItem>
    </TreeItem>
  </TreeItem>
</ManagedTreeData>