<ManagedTreeData Version="1">
  <TreeItem Name="Project">
    <Attribute Name="SoftwareVersion" Type="Primitive" ValueType="String" Value="3.2.0.496" />
    <Attribute Name="ProjectData" Type="XmlSerializer" ValueType="LumosLIB.Kernel.Project.ProjectMetadata, LumosLIB, Version=3.2.496.0, Culture=neutral, PublicKeyToken=null">
      <ProjectMetadata xmlns:xsi="http://www.w3.org/2001/XMLSchema-instance" xmlns:xsd="http://www.w3.org/2001/XMLSchema">
        <ProjectName>New Project</ProjectName>
        <Author>DMXControl</Author>
        <Comment />
        <LastSaveDate>2020-09-01T12:37:51.2416189+02:00</LastSaveDate>
        <ProjectVersion>1</ProjectVersion>
        <ProjectBuild>85</ProjectBuild>
      </ProjectMetadata>
    </Attribute>
    <Attribute Name="ProjectID" Type="Primitive" ValueType="String" Value="450f19f6-68de-4218-a602-673cf3f85ddd" />
    <Attribute Name="ProjectFileVersion" Type="Primitive" ValueType="Int32" Value="6" />
    <TreeItem Name="ProjectToDos">
      <Attribute Name="ToDo_0" Type="IResourceSerializer" SerializerName="LumosTypeSerializer">
        <TreeItem Name="SerializedProjectToDo">
          <Attribute Name="Category" Type="Primitive" ValueType="String" Value="Test" />
          <Attribute Name="Name" Type="Primitive" ValueType="String" Value="Test" />
          <Attribute Name="Text" Type="Primitive" ValueType="String" Value="Test" />
          <Attribute Name="Priority" Type="Primitive" ValueType="Int32" Value="0" />
          <Attribute Name="Done" Type="Primitive" ValueType="Boolean" Value="False" />
        </TreeItem>
      </Attribute>
    </TreeItem>
  </TreeItem>
</ManagedTreeData>