<ManagedTreeData Version="1">
  <TreeItem Name="ProjectExplorer">
    <TreeItem Name="Branch">
      <Attribute Name="ID" Type="Primitive" ValueType="String" Value="Cuelists" />
      <Attribute Name="Name" Type="Primitive" ValueType="String" Value="Cuelists" />
      <TreeItem Name="Node">
        <Attribute Name="ID" Type="Primitive" ValueType="String" Value="3fd73504-52ac-4dbe-bf33-0c770b71e307" />
        <Attribute Name="Index" Type="Primitive" ValueType="Int32" Value="0" />
      </TreeItem>
    </TreeItem>
    <TreeItem Name="Branch">
      <Attribute Name="ID" Type="Primitive" ValueType="String" Value="Cuelist Groups" />
    </TreeItem>
    <TreeItem Name="Branch">
      <Attribute Name="ID" Type="Primitive" ValueType="String" Value="Devices" />
      <Attribute Name="Name" Type="Primitive" ValueType="String" Value="Devices" />
      <TreeItem Name="Node">
        <Attribute Name="ID" Type="Primitive" ValueType="String" Value="246765a7-3aa2-428f-8917-4742a4783259" />
        <Attribute Name="Index" Type="Primitive" ValueType="Int32" Value="0" />
      </TreeItem>
      <TreeItem Name="Node">
        <Attribute Name="ID" Type="Primitive" ValueType="String" Value="06639a5e-63c0-47ff-a481-39fc4e6b44cc" />
        <Attribute Name="Index" Type="Primitive" ValueType="Int32" Value="1" />
      </TreeItem>
      <TreeItem Name="Node">
        <Attribute Name="ID" Type="Primitive" ValueType="String" Value="bb07ff28-fb43-4802-8802-dd17afa21f4f" />
        <Attribute Name="Index" Type="Primitive" ValueType="Int32" Value="2" />
      </TreeItem>
      <TreeItem Name="Node">
        <Attribute Name="ID" Type="Primitive" ValueType="String" Value="bab39c82-f058-4004-b4cd-dac713118b08" />
        <Attribute Name="Index" Type="Primitive" ValueType="Int32" Value="3" />
      </TreeItem>
      <TreeItem Name="Node">
        <Attribute Name="ID" Type="Primitive" ValueType="String" Value="67459734-db8c-4db7-ab0e-113a407efb23" />
        <Attribute Name="Index" Type="Primitive" ValueType="Int32" Value="4" />
      </TreeItem>
      <TreeItem Name="Node">
        <Attribute Name="ID" Type="Primitive" ValueType="String" Value="7630a55e-6171-4f43-aa38-2a147f11425d" />
        <Attribute Name="Index" Type="Primitive" ValueType="Int32" Value="5" />
      </TreeItem>
      <TreeItem Name="Node">
        <Attribute Name="ID" Type="Primitive" ValueType="String" Value="1228d1b5-1eab-46c4-b1c9-808e777f7fed" />
        <Attribute Name="Index" Type="Primitive" ValueType="Int32" Value="6" />
      </TreeItem>
      <TreeItem Name="Node">
        <Attribute Name="ID" Type="Primitive" ValueType="String" Value="366c8afa-f46d-481f-9098-25219490d971" />
        <Attribute Name="Index" Type="Primitive" ValueType="Int32" Value="7" />
      </TreeItem>
      <TreeItem Name="Node">
        <Attribute Name="ID" Type="Primitive" ValueType="String" Value="9805ad23-4bc0-4f5a-946b-a1c6bffacfc5" />
        <Attribute Name="Index" Type="Primitive" ValueType="Int32" Value="8" />
      </TreeItem>
      <TreeItem Name="Node">
        <Attribute Name="ID" Type="Primitive" ValueType="String" Value="0687e1c2-179d-4f3b-9ff6-eb5866a70704" />
        <Attribute Name="Index" Type="Primitive" ValueType="Int32" Value="9" />
      </TreeItem>
      <TreeItem Name="Node">
        <Attribute Name="ID" Type="Primitive" ValueType="String" Value="0cf10d52-956a-45c4-b0f4-3724fa7c35c5" />
        <Attribute Name="Index" Type="Primitive" ValueType="Int32" Value="10" />
      </TreeItem>
      <TreeItem Name="Node">
        <Attribute Name="ID" Type="Primitive" ValueType="String" Value="65558eed-0d58-4704-88b0-e99765540f27" />
        <Attribute Name="Index" Type="Primitive" ValueType="Int32" Value="11" />
      </TreeItem>
      <TreeItem Name="Node">
        <Attribute Name="ID" Type="Primitive" ValueType="String" Value="f347c17c-2f6e-4472-9ddb-13156ce24501" />
        <Attribute Name="Index" Type="Primitive" ValueType="Int32" Value="12" />
      </TreeItem>
      <TreeItem Name="Node">
        <Attribute Name="ID" Type="Primitive" ValueType="String" Value="b0980cbd-271d-43b1-83fc-3267d6295188" />
        <Attribute Name="Index" Type="Primitive" ValueType="Int32" Value="13" />
      </TreeItem>
      <TreeItem Name="Node">
        <Attribute Name="ID" Type="Primitive" ValueType="String" Value="98f856fb-2239-4ada-824c-201ff14e6a08" />
        <Attribute Name="Index" Type="Primitive" ValueType="Int32" Value="14" />
      </TreeItem>
      <TreeItem Name="Node">
        <Attribute Name="ID" Type="Primitive" ValueType="String" Value="89425351-8515-43ca-b771-f77e7a29ca81" />
        <Attribute Name="Index" Type="Primitive" ValueType="Int32" Value="15" />
      </TreeItem>
      <TreeItem Name="Node">
        <Attribute Name="ID" Type="Primitive" ValueType="String" Value="85abf995-4510-4add-a6d8-eb7e838b35f2" />
        <Attribute Name="Index" Type="Primitive" ValueType="Int32" Value="16" />
      </TreeItem>
      <TreeItem Name="Node">
        <Attribute Name="ID" Type="Primitive" ValueType="String" Value="04fd0de2-af3e-4d98-99f6-5aaa4ece265e" />
        <Attribute Name="Index" Type="Primitive" ValueType="Int32" Value="17" />
      </TreeItem>
      <TreeItem Name="Node">
        <Attribute Name="ID" Type="Primitive" ValueType="String" Value="4c64e993-eb2c-4f59-84a4-9010d3922aa3" />
        <Attribute Name="Index" Type="Primitive" ValueType="Int32" Value="18" />
      </TreeItem>
      <TreeItem Name="Node">
        <Attribute Name="ID" Type="Primitive" ValueType="String" Value="75eab5de-0cfb-4b0e-ad27-71eb20cc2994" />
        <Attribute Name="Index" Type="Primitive" ValueType="Int32" Value="19" />
      </TreeItem>
      <TreeItem Name="Node">
        <Attribute Name="ID" Type="Primitive" ValueType="String" Value="576a035e-2e2e-454a-9952-076d09a99ce7" />
        <Attribute Name="Index" Type="Primitive" ValueType="Int32" Value="20" />
      </TreeItem>
      <TreeItem Name="Node">
        <Attribute Name="ID" Type="Primitive" ValueType="String" Value="81ccc5ed-4002-43bc-9308-86fc818255b5" />
        <Attribute Name="Index" Type="Primitive" ValueType="Int32" Value="21" />
      </TreeItem>
      <TreeItem Name="Node">
        <Attribute Name="ID" Type="Primitive" ValueType="String" Value="e425c13e-9727-4551-8d3a-f06bd39b89ee" />
        <Attribute Name="Index" Type="Primitive" ValueType="Int32" Value="22" />
      </TreeItem>
      <TreeItem Name="Node">
        <Attribute Name="ID" Type="Primitive" ValueType="String" Value="8fb20f81-12ed-4cb9-88bd-e179dded3d4d" />
        <Attribute Name="Index" Type="Primitive" ValueType="Int32" Value="23" />
      </TreeItem>
      <TreeItem Name="Node">
        <Attribute Name="ID" Type="Primitive" ValueType="String" Value="acaf8ec7-8392-47cd-b988-492ffce3e381" />
        <Attribute Name="Index" Type="Primitive" ValueType="Int32" Value="24" />
      </TreeItem>
      <TreeItem Name="Node">
        <Attribute Name="ID" Type="Primitive" ValueType="String" Value="e2275435-6c0b-44b9-ac07-ac38e6f39d3c" />
        <Attribute Name="Index" Type="Primitive" ValueType="Int32" Value="25" />
      </TreeItem>
      <TreeItem Name="Node">
        <Attribute Name="ID" Type="Primitive" ValueType="String" Value="2f821243-e2e7-4a31-b584-9d83b269f2eb" />
        <Attribute Name="Index" Type="Primitive" ValueType="Int32" Value="26" />
      </TreeItem>
      <TreeItem Name="Node">
        <Attribute Name="ID" Type="Primitive" ValueType="String" Value="2785157d-b2ae-44ab-b3e4-24e80d0c277f" />
        <Attribute Name="Index" Type="Primitive" ValueType="Int32" Value="27" />
      </TreeItem>
      <TreeItem Name="Node">
        <Attribute Name="ID" Type="Primitive" ValueType="String" Value="c83d6967-551f-498c-a7f5-6f1340a51e82" />
        <Attribute Name="Index" Type="Primitive" ValueType="Int32" Value="28" />
      </TreeItem>
      <TreeItem Name="Node">
        <Attribute Name="ID" Type="Primitive" ValueType="String" Value="09962504-d2ff-48bc-981d-b8611fdf976e" />
        <Attribute Name="Index" Type="Primitive" ValueType="Int32" Value="29" />
      </TreeItem>
      <TreeItem Name="Node">
        <Attribute Name="ID" Type="Primitive" ValueType="String" Value="2081861a-1079-4f61-bd56-19a38ffeaf3e" />
        <Attribute Name="Index" Type="Primitive" ValueType="Int32" Value="30" />
      </TreeItem>
      <TreeItem Name="Node">
        <Attribute Name="ID" Type="Primitive" ValueType="String" Value="4bc0b02b-eb86-4808-a511-b74204ed71cc" />
        <Attribute Name="Index" Type="Primitive" ValueType="Int32" Value="31" />
      </TreeItem>
      <TreeItem Name="Node">
        <Attribute Name="ID" Type="Primitive" ValueType="String" Value="a1c0638e-b2a3-40db-b6ae-101e63587d77" />
        <Attribute Name="Index" Type="Primitive" ValueType="Int32" Value="32" />
      </TreeItem>
      <TreeItem Name="Node">
        <Attribute Name="ID" Type="Primitive" ValueType="String" Value="4bd4dc4f-50de-42c7-89e1-f539908de05e" />
        <Attribute Name="Index" Type="Primitive" ValueType="Int32" Value="33" />
      </TreeItem>
      <TreeItem Name="Node">
        <Attribute Name="ID" Type="Primitive" ValueType="String" Value="8d8a4db0-ee4b-43ef-8083-039f574ccfb6" />
        <Attribute Name="Index" Type="Primitive" ValueType="Int32" Value="34" />
      </TreeItem>
      <TreeItem Name="Node">
        <Attribute Name="ID" Type="Primitive" ValueType="String" Value="4a6a9065-e76a-42ed-8b3c-b6244ea658d6" />
        <Attribute Name="Index" Type="Primitive" ValueType="Int32" Value="35" />
      </TreeItem>
      <TreeItem Name="Node">
        <Attribute Name="ID" Type="Primitive" ValueType="String" Value="7d141203-00cb-4f64-816d-2855e30b7241" />
        <Attribute Name="Index" Type="Primitive" ValueType="Int32" Value="36" />
      </TreeItem>
      <TreeItem Name="Node">
        <Attribute Name="ID" Type="Primitive" ValueType="String" Value="0fe114f1-d8ae-494e-abbf-1f2ebe656dc4" />
        <Attribute Name="Index" Type="Primitive" ValueType="Int32" Value="37" />
      </TreeItem>
    </TreeItem>
    <TreeItem Name="Branch">
      <Attribute Name="ID" Type="Primitive" ValueType="String" Value="Device Groups" />
      <Attribute Name="Name" Type="Primitive" ValueType="String" Value="Device Groups" />
      <TreeItem Name="Node">
        <Attribute Name="ID" Type="Primitive" ValueType="String" Value="b9bd6c0b-89c3-4ead-a63a-cc2e11449f4a" />
        <Attribute Name="Index" Type="Primitive" ValueType="Int32" Value="0" />
        <TreeItem Name="Node">
          <Attribute Name="ID" Type="Primitive" ValueType="String" Value="b9bd6c0b-89c3-4ead-a63a-cc2e11449f4a#246765a7-3aa2-428f-8917-4742a4783259" />
          <Attribute Name="Index" Type="Primitive" ValueType="Int32" Value="0" />
        </TreeItem>
        <TreeItem Name="Node">
          <Attribute Name="ID" Type="Primitive" ValueType="String" Value="b9bd6c0b-89c3-4ead-a63a-cc2e11449f4a#4bd4dc4f-50de-42c7-89e1-f539908de05e" />
          <Attribute Name="Index" Type="Primitive" ValueType="Int32" Value="1" />
        </TreeItem>
      </TreeItem>
      <TreeItem Name="Node">
        <Attribute Name="ID" Type="Primitive" ValueType="String" Value="94b05879-70fa-42e3-bfa6-ff20a7d75b8b" />
        <Attribute Name="Index" Type="Primitive" ValueType="Int32" Value="1" />
        <TreeItem Name="Node">
          <Attribute Name="ID" Type="Primitive" ValueType="String" Value="94b05879-70fa-42e3-bfa6-ff20a7d75b8b#06639a5e-63c0-47ff-a481-39fc4e6b44cc" />
          <Attribute Name="Index" Type="Primitive" ValueType="Int32" Value="0" />
        </TreeItem>
        <TreeItem Name="Node">
          <Attribute Name="ID" Type="Primitive" ValueType="String" Value="94b05879-70fa-42e3-bfa6-ff20a7d75b8b#bb07ff28-fb43-4802-8802-dd17afa21f4f" />
          <Attribute Name="Index" Type="Primitive" ValueType="Int32" Value="1" />
        </TreeItem>
      </TreeItem>
      <TreeItem Name="Node">
        <Attribute Name="ID" Type="Primitive" ValueType="String" Value="adb58cef-1102-4d17-b47a-2df7f08978a0" />
        <Attribute Name="Index" Type="Primitive" ValueType="Int32" Value="2" />
        <TreeItem Name="Node">
          <Attribute Name="ID" Type="Primitive" ValueType="String" Value="adb58cef-1102-4d17-b47a-2df7f08978a0#2f821243-e2e7-4a31-b584-9d83b269f2eb" />
          <Attribute Name="Index" Type="Primitive" ValueType="Int32" Value="0" />
        </TreeItem>
        <TreeItem Name="Node">
          <Attribute Name="ID" Type="Primitive" ValueType="String" Value="adb58cef-1102-4d17-b47a-2df7f08978a0#67459734-db8c-4db7-ab0e-113a407efb23" />
          <Attribute Name="Index" Type="Primitive" ValueType="Int32" Value="1" />
        </TreeItem>
        <TreeItem Name="Node">
          <Attribute Name="ID" Type="Primitive" ValueType="String" Value="adb58cef-1102-4d17-b47a-2df7f08978a0#7630a55e-6171-4f43-aa38-2a147f11425d" />
          <Attribute Name="Index" Type="Primitive" ValueType="Int32" Value="2" />
        </TreeItem>
        <TreeItem Name="Node">
          <Attribute Name="ID" Type="Primitive" ValueType="String" Value="adb58cef-1102-4d17-b47a-2df7f08978a0#1228d1b5-1eab-46c4-b1c9-808e777f7fed" />
          <Attribute Name="Index" Type="Primitive" ValueType="Int32" Value="3" />
        </TreeItem>
        <TreeItem Name="Node">
          <Attribute Name="ID" Type="Primitive" ValueType="String" Value="adb58cef-1102-4d17-b47a-2df7f08978a0#366c8afa-f46d-481f-9098-25219490d971" />
          <Attribute Name="Index" Type="Primitive" ValueType="Int32" Value="4" />
        </TreeItem>
        <TreeItem Name="Node">
          <Attribute Name="ID" Type="Primitive" ValueType="String" Value="adb58cef-1102-4d17-b47a-2df7f08978a0#2785157d-b2ae-44ab-b3e4-24e80d0c277f" />
          <Attribute Name="Index" Type="Primitive" ValueType="Int32" Value="5" />
        </TreeItem>
      </TreeItem>
      <TreeItem Name="Node">
        <Attribute Name="ID" Type="Primitive" ValueType="String" Value="893179fc-7b8f-477d-8944-7ca11bca7b12" />
        <Attribute Name="Index" Type="Primitive" ValueType="Int32" Value="3" />
        <TreeItem Name="Node">
          <Attribute Name="ID" Type="Primitive" ValueType="String" Value="893179fc-7b8f-477d-8944-7ca11bca7b12#9805ad23-4bc0-4f5a-946b-a1c6bffacfc5" />
          <Attribute Name="Index" Type="Primitive" ValueType="Int32" Value="0" />
        </TreeItem>
        <TreeItem Name="Node">
          <Attribute Name="ID" Type="Primitive" ValueType="String" Value="893179fc-7b8f-477d-8944-7ca11bca7b12#0687e1c2-179d-4f3b-9ff6-eb5866a70704" />
          <Attribute Name="Index" Type="Primitive" ValueType="Int32" Value="1" />
        </TreeItem>
      </TreeItem>
      <TreeItem Name="Node">
        <Attribute Name="ID" Type="Primitive" ValueType="String" Value="62684020-05de-4103-8f69-f49b58cefa78" />
        <Attribute Name="Index" Type="Primitive" ValueType="Int32" Value="4" />
        <TreeItem Name="Node">
          <Attribute Name="ID" Type="Primitive" ValueType="String" Value="62684020-05de-4103-8f69-f49b58cefa78#0cf10d52-956a-45c4-b0f4-3724fa7c35c5" />
          <Attribute Name="Index" Type="Primitive" ValueType="Int32" Value="0" />
        </TreeItem>
        <TreeItem Name="Node">
          <Attribute Name="ID" Type="Primitive" ValueType="String" Value="62684020-05de-4103-8f69-f49b58cefa78#65558eed-0d58-4704-88b0-e99765540f27" />
          <Attribute Name="Index" Type="Primitive" ValueType="Int32" Value="1" />
        </TreeItem>
        <TreeItem Name="Node">
          <Attribute Name="ID" Type="Primitive" ValueType="String" Value="62684020-05de-4103-8f69-f49b58cefa78#f347c17c-2f6e-4472-9ddb-13156ce24501" />
          <Attribute Name="Index" Type="Primitive" ValueType="Int32" Value="2" />
        </TreeItem>
        <TreeItem Name="Node">
          <Attribute Name="ID" Type="Primitive" ValueType="String" Value="62684020-05de-4103-8f69-f49b58cefa78#b0980cbd-271d-43b1-83fc-3267d6295188" />
          <Attribute Name="Index" Type="Primitive" ValueType="Int32" Value="3" />
        </TreeItem>
      </TreeItem>
      <TreeItem Name="Node">
        <Attribute Name="ID" Type="Primitive" ValueType="String" Value="bed95336-9f2a-4a8e-bf34-f7a807fea7d9" />
        <Attribute Name="Index" Type="Primitive" ValueType="Int32" Value="5" />
        <TreeItem Name="Node">
          <Attribute Name="ID" Type="Primitive" ValueType="String" Value="bed95336-9f2a-4a8e-bf34-f7a807fea7d9#9805ad23-4bc0-4f5a-946b-a1c6bffacfc5" />
          <Attribute Name="Index" Type="Primitive" ValueType="Int32" Value="0" />
        </TreeItem>
        <TreeItem Name="Node">
          <Attribute Name="ID" Type="Primitive" ValueType="String" Value="bed95336-9f2a-4a8e-bf34-f7a807fea7d9#0687e1c2-179d-4f3b-9ff6-eb5866a70704" />
          <Attribute Name="Index" Type="Primitive" ValueType="Int32" Value="1" />
        </TreeItem>
        <TreeItem Name="Node">
          <Attribute Name="ID" Type="Primitive" ValueType="String" Value="bed95336-9f2a-4a8e-bf34-f7a807fea7d9#4bd4dc4f-50de-42c7-89e1-f539908de05e" />
          <Attribute Name="Index" Type="Primitive" ValueType="Int32" Value="2" />
        </TreeItem>
        <TreeItem Name="Node">
          <Attribute Name="ID" Type="Primitive" ValueType="String" Value="bed95336-9f2a-4a8e-bf34-f7a807fea7d9#246765a7-3aa2-428f-8917-4742a4783259" />
          <Attribute Name="Index" Type="Primitive" ValueType="Int32" Value="3" />
        </TreeItem>
        <TreeItem Name="Node">
          <Attribute Name="ID" Type="Primitive" ValueType="String" Value="bed95336-9f2a-4a8e-bf34-f7a807fea7d9#f347c17c-2f6e-4472-9ddb-13156ce24501" />
          <Attribute Name="Index" Type="Primitive" ValueType="Int32" Value="4" />
        </TreeItem>
        <TreeItem Name="Node">
          <Attribute Name="ID" Type="Primitive" ValueType="String" Value="bed95336-9f2a-4a8e-bf34-f7a807fea7d9#0cf10d52-956a-45c4-b0f4-3724fa7c35c5" />
          <Attribute Name="Index" Type="Primitive" ValueType="Int32" Value="5" />
        </TreeItem>
        <TreeItem Name="Node">
          <Attribute Name="ID" Type="Primitive" ValueType="String" Value="bed95336-9f2a-4a8e-bf34-f7a807fea7d9#b0980cbd-271d-43b1-83fc-3267d6295188" />
          <Attribute Name="Index" Type="Primitive" ValueType="Int32" Value="6" />
        </TreeItem>
        <TreeItem Name="Node">
          <Attribute Name="ID" Type="Primitive" ValueType="String" Value="bed95336-9f2a-4a8e-bf34-f7a807fea7d9#65558eed-0d58-4704-88b0-e99765540f27" />
          <Attribute Name="Index" Type="Primitive" ValueType="Int32" Value="7" />
        </TreeItem>
        <TreeItem Name="Node">
          <Attribute Name="ID" Type="Primitive" ValueType="String" Value="bed95336-9f2a-4a8e-bf34-f7a807fea7d9#8d8a4db0-ee4b-43ef-8083-039f574ccfb6" />
          <Attribute Name="Index" Type="Primitive" ValueType="Int32" Value="8" />
        </TreeItem>
        <TreeItem Name="Node">
          <Attribute Name="ID" Type="Primitive" ValueType="String" Value="bed95336-9f2a-4a8e-bf34-f7a807fea7d9#4a6a9065-e76a-42ed-8b3c-b6244ea658d6" />
          <Attribute Name="Index" Type="Primitive" ValueType="Int32" Value="9" />
        </TreeItem>
        <TreeItem Name="Node">
          <Attribute Name="ID" Type="Primitive" ValueType="String" Value="bed95336-9f2a-4a8e-bf34-f7a807fea7d9#7d141203-00cb-4f64-816d-2855e30b7241" />
          <Attribute Name="Index" Type="Primitive" ValueType="Int32" Value="10" />
        </TreeItem>
        <TreeItem Name="Node">
          <Attribute Name="ID" Type="Primitive" ValueType="String" Value="bed95336-9f2a-4a8e-bf34-f7a807fea7d9#0fe114f1-d8ae-494e-abbf-1f2ebe656dc4" />
          <Attribute Name="Index" Type="Primitive" ValueType="Int32" Value="11" />
        </TreeItem>
      </TreeItem>
      <TreeItem Name="Node">
        <Attribute Name="ID" Type="Primitive" ValueType="String" Value="b0124d0e-6881-4585-a899-904953e58030" />
        <Attribute Name="Index" Type="Primitive" ValueType="Int32" Value="6" />
        <TreeItem Name="Node">
          <Attribute Name="ID" Type="Primitive" ValueType="String" Value="b0124d0e-6881-4585-a899-904953e58030#98f856fb-2239-4ada-824c-201ff14e6a08" />
          <Attribute Name="Index" Type="Primitive" ValueType="Int32" Value="0" />
        </TreeItem>
        <TreeItem Name="Node">
          <Attribute Name="ID" Type="Primitive" ValueType="String" Value="b0124d0e-6881-4585-a899-904953e58030#85abf995-4510-4add-a6d8-eb7e838b35f2" />
          <Attribute Name="Index" Type="Primitive" ValueType="Int32" Value="1" />
        </TreeItem>
      </TreeItem>
      <TreeItem Name="Node">
        <Attribute Name="ID" Type="Primitive" ValueType="String" Value="13ac88ee-a908-4b16-b4fc-86a79ccee179" />
        <Attribute Name="Index" Type="Primitive" ValueType="Int32" Value="7" />
        <TreeItem Name="Node">
          <Attribute Name="ID" Type="Primitive" ValueType="String" Value="13ac88ee-a908-4b16-b4fc-86a79ccee179#89425351-8515-43ca-b771-f77e7a29ca81" />
          <Attribute Name="Index" Type="Primitive" ValueType="Int32" Value="0" />
        </TreeItem>
        <TreeItem Name="Node">
          <Attribute Name="ID" Type="Primitive" ValueType="String" Value="13ac88ee-a908-4b16-b4fc-86a79ccee179#04fd0de2-af3e-4d98-99f6-5aaa4ece265e" />
          <Attribute Name="Index" Type="Primitive" ValueType="Int32" Value="1" />
        </TreeItem>
      </TreeItem>
      <TreeItem Name="Node">
        <Attribute Name="ID" Type="Primitive" ValueType="String" Value="ee91d619-d60b-46dc-a628-c3f5bd3b1e42" />
        <Attribute Name="Index" Type="Primitive" ValueType="Int32" Value="8" />
        <TreeItem Name="Node">
          <Attribute Name="ID" Type="Primitive" ValueType="String" Value="ee91d619-d60b-46dc-a628-c3f5bd3b1e42#4c64e993-eb2c-4f59-84a4-9010d3922aa3" />
          <Attribute Name="Index" Type="Primitive" ValueType="Int32" Value="0" />
        </TreeItem>
        <TreeItem Name="Node">
          <Attribute Name="ID" Type="Primitive" ValueType="String" Value="ee91d619-d60b-46dc-a628-c3f5bd3b1e42#75eab5de-0cfb-4b0e-ad27-71eb20cc2994" />
          <Attribute Name="Index" Type="Primitive" ValueType="Int32" Value="1" />
        </TreeItem>
      </TreeItem>
      <TreeItem Name="Node">
        <Attribute Name="ID" Type="Primitive" ValueType="String" Value="7578daca-57f7-41a4-ab68-ecc5935cd95b" />
        <Attribute Name="Index" Type="Primitive" ValueType="Int32" Value="9" />
        <TreeItem Name="Node">
          <Attribute Name="ID" Type="Primitive" ValueType="String" Value="7578daca-57f7-41a4-ab68-ecc5935cd95b#e425c13e-9727-4551-8d3a-f06bd39b89ee" />
          <Attribute Name="Index" Type="Primitive" ValueType="Int32" Value="0" />
        </TreeItem>
        <TreeItem Name="Node">
          <Attribute Name="ID" Type="Primitive" ValueType="String" Value="7578daca-57f7-41a4-ab68-ecc5935cd95b#8fb20f81-12ed-4cb9-88bd-e179dded3d4d" />
          <Attribute Name="Index" Type="Primitive" ValueType="Int32" Value="1" />
        </TreeItem>
        <TreeItem Name="Node">
          <Attribute Name="ID" Type="Primitive" ValueType="String" Value="7578daca-57f7-41a4-ab68-ecc5935cd95b#acaf8ec7-8392-47cd-b988-492ffce3e381" />
          <Attribute Name="Index" Type="Primitive" ValueType="Int32" Value="2" />
        </TreeItem>
        <TreeItem Name="Node">
          <Attribute Name="ID" Type="Primitive" ValueType="String" Value="7578daca-57f7-41a4-ab68-ecc5935cd95b#e2275435-6c0b-44b9-ac07-ac38e6f39d3c" />
          <Attribute Name="Index" Type="Primitive" ValueType="Int32" Value="3" />
        </TreeItem>
      </TreeItem>
      <TreeItem Name="Node">
        <Attribute Name="ID" Type="Primitive" ValueType="String" Value="465e0160-7005-456c-80da-e30d8b39b1cd" />
        <Attribute Name="Index" Type="Primitive" ValueType="Int32" Value="10" />
        <TreeItem Name="Node">
          <Attribute Name="ID" Type="Primitive" ValueType="String" Value="465e0160-7005-456c-80da-e30d8b39b1cd#c83d6967-551f-498c-a7f5-6f1340a51e82" />
          <Attribute Name="Index" Type="Primitive" ValueType="Int32" Value="0" />
        </TreeItem>
        <TreeItem Name="Node">
          <Attribute Name="ID" Type="Primitive" ValueType="String" Value="465e0160-7005-456c-80da-e30d8b39b1cd#09962504-d2ff-48bc-981d-b8611fdf976e" />
          <Attribute Name="Index" Type="Primitive" ValueType="Int32" Value="1" />
        </TreeItem>
        <TreeItem Name="Node">
          <Attribute Name="ID" Type="Primitive" ValueType="String" Value="465e0160-7005-456c-80da-e30d8b39b1cd#2081861a-1079-4f61-bd56-19a38ffeaf3e" />
          <Attribute Name="Index" Type="Primitive" ValueType="Int32" Value="2" />
        </TreeItem>
        <TreeItem Name="Node">
          <Attribute Name="ID" Type="Primitive" ValueType="String" Value="465e0160-7005-456c-80da-e30d8b39b1cd#4bc0b02b-eb86-4808-a511-b74204ed71cc" />
          <Attribute Name="Index" Type="Primitive" ValueType="Int32" Value="3" />
        </TreeItem>
      </TreeItem>
      <TreeItem Name="Node">
        <Attribute Name="ID" Type="Primitive" ValueType="String" Value="42991332-7337-4068-9f6c-47bf66886fbc" />
        <Attribute Name="Index" Type="Primitive" ValueType="Int32" Value="11" />
        <TreeItem Name="Node">
          <Attribute Name="ID" Type="Primitive" ValueType="String" Value="42991332-7337-4068-9f6c-47bf66886fbc#8d8a4db0-ee4b-43ef-8083-039f574ccfb6" />
          <Attribute Name="Index" Type="Primitive" ValueType="Int32" Value="0" />
        </TreeItem>
        <TreeItem Name="Node">
          <Attribute Name="ID" Type="Primitive" ValueType="String" Value="42991332-7337-4068-9f6c-47bf66886fbc#4a6a9065-e76a-42ed-8b3c-b6244ea658d6" />
          <Attribute Name="Index" Type="Primitive" ValueType="Int32" Value="1" />
        </TreeItem>
      </TreeItem>
      <TreeItem Name="Node">
        <Attribute Name="ID" Type="Primitive" ValueType="String" Value="934dbd19-4f34-4747-ab5f-20335e3380b5" />
        <Attribute Name="Index" Type="Primitive" ValueType="Int32" Value="12" />
        <TreeItem Name="Node">
          <Attribute Name="ID" Type="Primitive" ValueType="String" Value="934dbd19-4f34-4747-ab5f-20335e3380b5#7d141203-00cb-4f64-816d-2855e30b7241" />
          <Attribute Name="Index" Type="Primitive" ValueType="Int32" Value="0" />
        </TreeItem>
        <TreeItem Name="Node">
          <Attribute Name="ID" Type="Primitive" ValueType="String" Value="934dbd19-4f34-4747-ab5f-20335e3380b5#0fe114f1-d8ae-494e-abbf-1f2ebe656dc4" />
          <Attribute Name="Index" Type="Primitive" ValueType="Int32" Value="1" />
        </TreeItem>
      </TreeItem>
    </TreeItem>
    <TreeItem Name="Branch">
      <Attribute Name="ID" Type="Primitive" ValueType="String" Value="Executor" />
    </TreeItem>
    <TreeItem Name="Branch">
      <Attribute Name="ID" Type="Primitive" ValueType="String" Value="Executor Pages" />
    </TreeItem>
    <TreeItem Name="Branch">
      <Attribute Name="ID" Type="Primitive" ValueType="String" Value="Presets" />
    </TreeItem>
    <TreeItem Name="Branch">
      <Attribute Name="ID" Type="Primitive" ValueType="String" Value="Files" />
    </TreeItem>
    <TreeItem Name="Branch">
      <Attribute Name="ID" Type="Primitive" ValueType="String" Value="Item Lists" />
      <Attribute Name="Name" Type="Primitive" ValueType="String" Value="Item Lists" />
      <TreeItem Name="Node">
        <Attribute Name="ID" Type="Primitive" ValueType="String" Value="6fdd64a3-ce6f-4d40-95c3-bd15c1912044" />
        <Attribute Name="Index" Type="Primitive" ValueType="Int32" Value="0" />
      </TreeItem>
      <TreeItem Name="Node">
        <Attribute Name="ID" Type="Primitive" ValueType="String" Value="bbaf4568-a977-4529-9118-b552251d268e" />
        <Attribute Name="Index" Type="Primitive" ValueType="Int32" Value="1" />
      </TreeItem>
    </TreeItem>
    <TreeItem Name="Branch">
      <Attribute Name="ID" Type="Primitive" ValueType="String" Value="Electricity" />
    </TreeItem>
    <TreeItem Name="Branch">
      <Attribute Name="ID" Type="Primitive" ValueType="String" Value="Softdesk" />
    </TreeItem>
    <TreeItem Name="Branch">
      <Attribute Name="ID" Type="Primitive" ValueType="String" Value="Stage View" />
      <Attribute Name="Name" Type="Primitive" ValueType="String" Value="Stage View" />
      <TreeItem Name="Node">
        <Attribute Name="ID" Type="Primitive" ValueType="String" Value="70178259-c45e-4bf7-b5f0-40507d6ad6f8" />
        <Attribute Name="Index" Type="Primitive" ValueType="Int32" Value="0" />
        <TreeItem Name="Node">
          <Attribute Name="ID" Type="Primitive" ValueType="String" Value="70178259-c45e-4bf7-b5f0-40507d6ad6f8#246765a7-3aa2-428f-8917-4742a4783259" />
          <Attribute Name="Index" Type="Primitive" ValueType="Int32" Value="0" />
        </TreeItem>
        <TreeItem Name="Node">
          <Attribute Name="ID" Type="Primitive" ValueType="String" Value="70178259-c45e-4bf7-b5f0-40507d6ad6f8#4bd4dc4f-50de-42c7-89e1-f539908de05e" />
          <Attribute Name="Index" Type="Primitive" ValueType="Int32" Value="1" />
        </TreeItem>
        <TreeItem Name="Node">
          <Attribute Name="ID" Type="Primitive" ValueType="String" Value="70178259-c45e-4bf7-b5f0-40507d6ad6f8#b0980cbd-271d-43b1-83fc-3267d6295188" />
          <Attribute Name="Index" Type="Primitive" ValueType="Int32" Value="2" />
        </TreeItem>
        <TreeItem Name="Node">
          <Attribute Name="ID" Type="Primitive" ValueType="String" Value="70178259-c45e-4bf7-b5f0-40507d6ad6f8#f347c17c-2f6e-4472-9ddb-13156ce24501" />
          <Attribute Name="Index" Type="Primitive" ValueType="Int32" Value="3" />
        </TreeItem>
        <TreeItem Name="Node">
          <Attribute Name="ID" Type="Primitive" ValueType="String" Value="70178259-c45e-4bf7-b5f0-40507d6ad6f8#65558eed-0d58-4704-88b0-e99765540f27" />
          <Attribute Name="Index" Type="Primitive" ValueType="Int32" Value="4" />
        </TreeItem>
        <TreeItem Name="Node">
          <Attribute Name="ID" Type="Primitive" ValueType="String" Value="70178259-c45e-4bf7-b5f0-40507d6ad6f8#0cf10d52-956a-45c4-b0f4-3724fa7c35c5" />
          <Attribute Name="Index" Type="Primitive" ValueType="Int32" Value="5" />
        </TreeItem>
        <TreeItem Name="Node">
          <Attribute Name="ID" Type="Primitive" ValueType="String" Value="70178259-c45e-4bf7-b5f0-40507d6ad6f8#06639a5e-63c0-47ff-a481-39fc4e6b44cc" />
          <Attribute Name="Index" Type="Primitive" ValueType="Int32" Value="6" />
        </TreeItem>
        <TreeItem Name="Node">
          <Attribute Name="ID" Type="Primitive" ValueType="String" Value="70178259-c45e-4bf7-b5f0-40507d6ad6f8#bb07ff28-fb43-4802-8802-dd17afa21f4f" />
          <Attribute Name="Index" Type="Primitive" ValueType="Int32" Value="7" />
        </TreeItem>
        <TreeItem Name="Node">
          <Attribute Name="ID" Type="Primitive" ValueType="String" Value="70178259-c45e-4bf7-b5f0-40507d6ad6f8#bab39c82-f058-4004-b4cd-dac713118b08" />
          <Attribute Name="Index" Type="Primitive" ValueType="Int32" Value="8" />
        </TreeItem>
        <TreeItem Name="Node">
          <Attribute Name="ID" Type="Primitive" ValueType="String" Value="70178259-c45e-4bf7-b5f0-40507d6ad6f8#67459734-db8c-4db7-ab0e-113a407efb23" />
          <Attribute Name="Index" Type="Primitive" ValueType="Int32" Value="9" />
        </TreeItem>
        <TreeItem Name="Node">
          <Attribute Name="ID" Type="Primitive" ValueType="String" Value="70178259-c45e-4bf7-b5f0-40507d6ad6f8#7630a55e-6171-4f43-aa38-2a147f11425d" />
          <Attribute Name="Index" Type="Primitive" ValueType="Int32" Value="10" />
        </TreeItem>
        <TreeItem Name="Node">
          <Attribute Name="ID" Type="Primitive" ValueType="String" Value="70178259-c45e-4bf7-b5f0-40507d6ad6f8#1228d1b5-1eab-46c4-b1c9-808e777f7fed" />
          <Attribute Name="Index" Type="Primitive" ValueType="Int32" Value="11" />
        </TreeItem>
        <TreeItem Name="Node">
          <Attribute Name="ID" Type="Primitive" ValueType="String" Value="70178259-c45e-4bf7-b5f0-40507d6ad6f8#366c8afa-f46d-481f-9098-25219490d971" />
          <Attribute Name="Index" Type="Primitive" ValueType="Int32" Value="12" />
        </TreeItem>
        <TreeItem Name="Node">
          <Attribute Name="ID" Type="Primitive" ValueType="String" Value="70178259-c45e-4bf7-b5f0-40507d6ad6f8#0687e1c2-179d-4f3b-9ff6-eb5866a70704" />
          <Attribute Name="Index" Type="Primitive" ValueType="Int32" Value="13" />
        </TreeItem>
        <TreeItem Name="Node">
          <Attribute Name="ID" Type="Primitive" ValueType="String" Value="70178259-c45e-4bf7-b5f0-40507d6ad6f8#9805ad23-4bc0-4f5a-946b-a1c6bffacfc5" />
          <Attribute Name="Index" Type="Primitive" ValueType="Int32" Value="14" />
        </TreeItem>
        <TreeItem Name="Node">
          <Attribute Name="ID" Type="Primitive" ValueType="String" Value="70178259-c45e-4bf7-b5f0-40507d6ad6f8#98f856fb-2239-4ada-824c-201ff14e6a08" />
          <Attribute Name="Index" Type="Primitive" ValueType="Int32" Value="15" />
        </TreeItem>
        <TreeItem Name="Node">
          <Attribute Name="ID" Type="Primitive" ValueType="String" Value="70178259-c45e-4bf7-b5f0-40507d6ad6f8#89425351-8515-43ca-b771-f77e7a29ca81" />
          <Attribute Name="Index" Type="Primitive" ValueType="Int32" Value="16" />
        </TreeItem>
        <TreeItem Name="Node">
          <Attribute Name="ID" Type="Primitive" ValueType="String" Value="70178259-c45e-4bf7-b5f0-40507d6ad6f8#85abf995-4510-4add-a6d8-eb7e838b35f2" />
          <Attribute Name="Index" Type="Primitive" ValueType="Int32" Value="17" />
        </TreeItem>
        <TreeItem Name="Node">
          <Attribute Name="ID" Type="Primitive" ValueType="String" Value="70178259-c45e-4bf7-b5f0-40507d6ad6f8#04fd0de2-af3e-4d98-99f6-5aaa4ece265e" />
          <Attribute Name="Index" Type="Primitive" ValueType="Int32" Value="18" />
        </TreeItem>
        <TreeItem Name="Node">
          <Attribute Name="ID" Type="Primitive" ValueType="String" Value="70178259-c45e-4bf7-b5f0-40507d6ad6f8#4c64e993-eb2c-4f59-84a4-9010d3922aa3" />
          <Attribute Name="Index" Type="Primitive" ValueType="Int32" Value="19" />
        </TreeItem>
        <TreeItem Name="Node">
          <Attribute Name="ID" Type="Primitive" ValueType="String" Value="70178259-c45e-4bf7-b5f0-40507d6ad6f8#75eab5de-0cfb-4b0e-ad27-71eb20cc2994" />
          <Attribute Name="Index" Type="Primitive" ValueType="Int32" Value="20" />
        </TreeItem>
        <TreeItem Name="Node">
          <Attribute Name="ID" Type="Primitive" ValueType="String" Value="70178259-c45e-4bf7-b5f0-40507d6ad6f8#576a035e-2e2e-454a-9952-076d09a99ce7" />
          <Attribute Name="Index" Type="Primitive" ValueType="Int32" Value="21" />
        </TreeItem>
        <TreeItem Name="Node">
          <Attribute Name="ID" Type="Primitive" ValueType="String" Value="70178259-c45e-4bf7-b5f0-40507d6ad6f8#81ccc5ed-4002-43bc-9308-86fc818255b5" />
          <Attribute Name="Index" Type="Primitive" ValueType="Int32" Value="22" />
        </TreeItem>
        <TreeItem Name="Node">
          <Attribute Name="ID" Type="Primitive" ValueType="String" Value="70178259-c45e-4bf7-b5f0-40507d6ad6f8#e425c13e-9727-4551-8d3a-f06bd39b89ee" />
          <Attribute Name="Index" Type="Primitive" ValueType="Int32" Value="23" />
        </TreeItem>
        <TreeItem Name="Node">
          <Attribute Name="ID" Type="Primitive" ValueType="String" Value="70178259-c45e-4bf7-b5f0-40507d6ad6f8#8fb20f81-12ed-4cb9-88bd-e179dded3d4d" />
          <Attribute Name="Index" Type="Primitive" ValueType="Int32" Value="24" />
        </TreeItem>
        <TreeItem Name="Node">
          <Attribute Name="ID" Type="Primitive" ValueType="String" Value="70178259-c45e-4bf7-b5f0-40507d6ad6f8#acaf8ec7-8392-47cd-b988-492ffce3e381" />
          <Attribute Name="Index" Type="Primitive" ValueType="Int32" Value="25" />
        </TreeItem>
        <TreeItem Name="Node">
          <Attribute Name="ID" Type="Primitive" ValueType="String" Value="70178259-c45e-4bf7-b5f0-40507d6ad6f8#e2275435-6c0b-44b9-ac07-ac38e6f39d3c" />
          <Attribute Name="Index" Type="Primitive" ValueType="Int32" Value="26" />
        </TreeItem>
        <TreeItem Name="Node">
          <Attribute Name="ID" Type="Primitive" ValueType="String" Value="70178259-c45e-4bf7-b5f0-40507d6ad6f8#2f821243-e2e7-4a31-b584-9d83b269f2eb" />
          <Attribute Name="Index" Type="Primitive" ValueType="Int32" Value="27" />
        </TreeItem>
        <TreeItem Name="Node">
          <Attribute Name="ID" Type="Primitive" ValueType="String" Value="70178259-c45e-4bf7-b5f0-40507d6ad6f8#2785157d-b2ae-44ab-b3e4-24e80d0c277f" />
          <Attribute Name="Index" Type="Primitive" ValueType="Int32" Value="28" />
        </TreeItem>
        <TreeItem Name="Node">
          <Attribute Name="ID" Type="Primitive" ValueType="String" Value="70178259-c45e-4bf7-b5f0-40507d6ad6f8#c83d6967-551f-498c-a7f5-6f1340a51e82" />
          <Attribute Name="Index" Type="Primitive" ValueType="Int32" Value="29" />
        </TreeItem>
        <TreeItem Name="Node">
          <Attribute Name="ID" Type="Primitive" ValueType="String" Value="70178259-c45e-4bf7-b5f0-40507d6ad6f8#09962504-d2ff-48bc-981d-b8611fdf976e" />
          <Attribute Name="Index" Type="Primitive" ValueType="Int32" Value="30" />
        </TreeItem>
        <TreeItem Name="Node">
          <Attribute Name="ID" Type="Primitive" ValueType="String" Value="70178259-c45e-4bf7-b5f0-40507d6ad6f8#2081861a-1079-4f61-bd56-19a38ffeaf3e" />
          <Attribute Name="Index" Type="Primitive" ValueType="Int32" Value="31" />
        </TreeItem>
        <TreeItem Name="Node">
          <Attribute Name="ID" Type="Primitive" ValueType="String" Value="70178259-c45e-4bf7-b5f0-40507d6ad6f8#4bc0b02b-eb86-4808-a511-b74204ed71cc" />
          <Attribute Name="Index" Type="Primitive" ValueType="Int32" Value="32" />
        </TreeItem>
        <TreeItem Name="Node">
          <Attribute Name="ID" Type="Primitive" ValueType="String" Value="70178259-c45e-4bf7-b5f0-40507d6ad6f8#a1c0638e-b2a3-40db-b6ae-101e63587d77" />
          <Attribute Name="Index" Type="Primitive" ValueType="Int32" Value="33" />
        </TreeItem>
        <TreeItem Name="Node">
          <Attribute Name="ID" Type="Primitive" ValueType="String" Value="70178259-c45e-4bf7-b5f0-40507d6ad6f8#8d8a4db0-ee4b-43ef-8083-039f574ccfb6" />
          <Attribute Name="Index" Type="Primitive" ValueType="Int32" Value="34" />
        </TreeItem>
        <TreeItem Name="Node">
          <Attribute Name="ID" Type="Primitive" ValueType="String" Value="70178259-c45e-4bf7-b5f0-40507d6ad6f8#4a6a9065-e76a-42ed-8b3c-b6244ea658d6" />
          <Attribute Name="Index" Type="Primitive" ValueType="Int32" Value="35" />
        </TreeItem>
        <TreeItem Name="Node">
          <Attribute Name="ID" Type="Primitive" ValueType="String" Value="70178259-c45e-4bf7-b5f0-40507d6ad6f8#7d141203-00cb-4f64-816d-2855e30b7241" />
          <Attribute Name="Index" Type="Primitive" ValueType="Int32" Value="36" />
        </TreeItem>
        <TreeItem Name="Node">
          <Attribute Name="ID" Type="Primitive" ValueType="String" Value="70178259-c45e-4bf7-b5f0-40507d6ad6f8#0fe114f1-d8ae-494e-abbf-1f2ebe656dc4" />
          <Attribute Name="Index" Type="Primitive" ValueType="Int32" Value="37" />
        </TreeItem>
        <TreeItem Name="Node">
          <Attribute Name="ID" Type="Primitive" ValueType="String" Value="70178259-c45e-4bf7-b5f0-40507d6ad6f8#b9bd6c0b-89c3-4ead-a63a-cc2e11449f4a" />
          <Attribute Name="Index" Type="Primitive" ValueType="Int32" Value="38" />
          <TreeItem Name="Node">
            <Attribute Name="ID" Type="Primitive" ValueType="String" Value="70178259-c45e-4bf7-b5f0-40507d6ad6f8#b9bd6c0b-89c3-4ead-a63a-cc2e11449f4a#246765a7-3aa2-428f-8917-4742a4783259" />
            <Attribute Name="Index" Type="Primitive" ValueType="Int32" Value="0" />
          </TreeItem>
          <TreeItem Name="Node">
            <Attribute Name="ID" Type="Primitive" ValueType="String" Value="70178259-c45e-4bf7-b5f0-40507d6ad6f8#b9bd6c0b-89c3-4ead-a63a-cc2e11449f4a#4bd4dc4f-50de-42c7-89e1-f539908de05e" />
            <Attribute Name="Index" Type="Primitive" ValueType="Int32" Value="1" />
          </TreeItem>
        </TreeItem>
        <TreeItem Name="Node">
          <Attribute Name="ID" Type="Primitive" ValueType="String" Value="70178259-c45e-4bf7-b5f0-40507d6ad6f8#94b05879-70fa-42e3-bfa6-ff20a7d75b8b" />
          <Attribute Name="Index" Type="Primitive" ValueType="Int32" Value="39" />
          <TreeItem Name="Node">
            <Attribute Name="ID" Type="Primitive" ValueType="String" Value="70178259-c45e-4bf7-b5f0-40507d6ad6f8#94b05879-70fa-42e3-bfa6-ff20a7d75b8b#06639a5e-63c0-47ff-a481-39fc4e6b44cc" />
            <Attribute Name="Index" Type="Primitive" ValueType="Int32" Value="0" />
          </TreeItem>
          <TreeItem Name="Node">
            <Attribute Name="ID" Type="Primitive" ValueType="String" Value="70178259-c45e-4bf7-b5f0-40507d6ad6f8#94b05879-70fa-42e3-bfa6-ff20a7d75b8b#bb07ff28-fb43-4802-8802-dd17afa21f4f" />
            <Attribute Name="Index" Type="Primitive" ValueType="Int32" Value="1" />
          </TreeItem>
        </TreeItem>
        <TreeItem Name="Node">
          <Attribute Name="ID" Type="Primitive" ValueType="String" Value="70178259-c45e-4bf7-b5f0-40507d6ad6f8#adb58cef-1102-4d17-b47a-2df7f08978a0" />
          <Attribute Name="Index" Type="Primitive" ValueType="Int32" Value="40" />
          <TreeItem Name="Node">
            <Attribute Name="ID" Type="Primitive" ValueType="String" Value="70178259-c45e-4bf7-b5f0-40507d6ad6f8#adb58cef-1102-4d17-b47a-2df7f08978a0#2f821243-e2e7-4a31-b584-9d83b269f2eb" />
            <Attribute Name="Index" Type="Primitive" ValueType="Int32" Value="0" />
          </TreeItem>
          <TreeItem Name="Node">
            <Attribute Name="ID" Type="Primitive" ValueType="String" Value="70178259-c45e-4bf7-b5f0-40507d6ad6f8#adb58cef-1102-4d17-b47a-2df7f08978a0#67459734-db8c-4db7-ab0e-113a407efb23" />
            <Attribute Name="Index" Type="Primitive" ValueType="Int32" Value="1" />
          </TreeItem>
          <TreeItem Name="Node">
            <Attribute Name="ID" Type="Primitive" ValueType="String" Value="70178259-c45e-4bf7-b5f0-40507d6ad6f8#adb58cef-1102-4d17-b47a-2df7f08978a0#7630a55e-6171-4f43-aa38-2a147f11425d" />
            <Attribute Name="Index" Type="Primitive" ValueType="Int32" Value="2" />
          </TreeItem>
          <TreeItem Name="Node">
            <Attribute Name="ID" Type="Primitive" ValueType="String" Value="70178259-c45e-4bf7-b5f0-40507d6ad6f8#adb58cef-1102-4d17-b47a-2df7f08978a0#1228d1b5-1eab-46c4-b1c9-808e777f7fed" />
            <Attribute Name="Index" Type="Primitive" ValueType="Int32" Value="3" />
          </TreeItem>
          <TreeItem Name="Node">
            <Attribute Name="ID" Type="Primitive" ValueType="String" Value="70178259-c45e-4bf7-b5f0-40507d6ad6f8#adb58cef-1102-4d17-b47a-2df7f08978a0#366c8afa-f46d-481f-9098-25219490d971" />
            <Attribute Name="Index" Type="Primitive" ValueType="Int32" Value="4" />
          </TreeItem>
          <TreeItem Name="Node">
            <Attribute Name="ID" Type="Primitive" ValueType="String" Value="70178259-c45e-4bf7-b5f0-40507d6ad6f8#adb58cef-1102-4d17-b47a-2df7f08978a0#2785157d-b2ae-44ab-b3e4-24e80d0c277f" />
            <Attribute Name="Index" Type="Primitive" ValueType="Int32" Value="5" />
          </TreeItem>
        </TreeItem>
        <TreeItem Name="Node">
          <Attribute Name="ID" Type="Primitive" ValueType="String" Value="70178259-c45e-4bf7-b5f0-40507d6ad6f8#893179fc-7b8f-477d-8944-7ca11bca7b12" />
          <Attribute Name="Index" Type="Primitive" ValueType="Int32" Value="41" />
          <TreeItem Name="Node">
            <Attribute Name="ID" Type="Primitive" ValueType="String" Value="70178259-c45e-4bf7-b5f0-40507d6ad6f8#893179fc-7b8f-477d-8944-7ca11bca7b12#9805ad23-4bc0-4f5a-946b-a1c6bffacfc5" />
            <Attribute Name="Index" Type="Primitive" ValueType="Int32" Value="0" />
          </TreeItem>
          <TreeItem Name="Node">
            <Attribute Name="ID" Type="Primitive" ValueType="String" Value="70178259-c45e-4bf7-b5f0-40507d6ad6f8#893179fc-7b8f-477d-8944-7ca11bca7b12#0687e1c2-179d-4f3b-9ff6-eb5866a70704" />
            <Attribute Name="Index" Type="Primitive" ValueType="Int32" Value="1" />
          </TreeItem>
        </TreeItem>
        <TreeItem Name="Node">
          <Attribute Name="ID" Type="Primitive" ValueType="String" Value="70178259-c45e-4bf7-b5f0-40507d6ad6f8#62684020-05de-4103-8f69-f49b58cefa78" />
          <Attribute Name="Index" Type="Primitive" ValueType="Int32" Value="42" />
          <TreeItem Name="Node">
            <Attribute Name="ID" Type="Primitive" ValueType="String" Value="70178259-c45e-4bf7-b5f0-40507d6ad6f8#62684020-05de-4103-8f69-f49b58cefa78#0cf10d52-956a-45c4-b0f4-3724fa7c35c5" />
            <Attribute Name="Index" Type="Primitive" ValueType="Int32" Value="0" />
          </TreeItem>
          <TreeItem Name="Node">
            <Attribute Name="ID" Type="Primitive" ValueType="String" Value="70178259-c45e-4bf7-b5f0-40507d6ad6f8#62684020-05de-4103-8f69-f49b58cefa78#65558eed-0d58-4704-88b0-e99765540f27" />
            <Attribute Name="Index" Type="Primitive" ValueType="Int32" Value="1" />
          </TreeItem>
          <TreeItem Name="Node">
            <Attribute Name="ID" Type="Primitive" ValueType="String" Value="70178259-c45e-4bf7-b5f0-40507d6ad6f8#62684020-05de-4103-8f69-f49b58cefa78#f347c17c-2f6e-4472-9ddb-13156ce24501" />
            <Attribute Name="Index" Type="Primitive" ValueType="Int32" Value="2" />
          </TreeItem>
          <TreeItem Name="Node">
            <Attribute Name="ID" Type="Primitive" ValueType="String" Value="70178259-c45e-4bf7-b5f0-40507d6ad6f8#62684020-05de-4103-8f69-f49b58cefa78#b0980cbd-271d-43b1-83fc-3267d6295188" />
            <Attribute Name="Index" Type="Primitive" ValueType="Int32" Value="3" />
          </TreeItem>
        </TreeItem>
        <TreeItem Name="Node">
          <Attribute Name="ID" Type="Primitive" ValueType="String" Value="70178259-c45e-4bf7-b5f0-40507d6ad6f8#bed95336-9f2a-4a8e-bf34-f7a807fea7d9" />
          <Attribute Name="Index" Type="Primitive" ValueType="Int32" Value="43" />
          <TreeItem Name="Node">
            <Attribute Name="ID" Type="Primitive" ValueType="String" Value="70178259-c45e-4bf7-b5f0-40507d6ad6f8#bed95336-9f2a-4a8e-bf34-f7a807fea7d9#9805ad23-4bc0-4f5a-946b-a1c6bffacfc5" />
            <Attribute Name="Index" Type="Primitive" ValueType="Int32" Value="0" />
          </TreeItem>
          <TreeItem Name="Node">
            <Attribute Name="ID" Type="Primitive" ValueType="String" Value="70178259-c45e-4bf7-b5f0-40507d6ad6f8#bed95336-9f2a-4a8e-bf34-f7a807fea7d9#0687e1c2-179d-4f3b-9ff6-eb5866a70704" />
            <Attribute Name="Index" Type="Primitive" ValueType="Int32" Value="1" />
          </TreeItem>
          <TreeItem Name="Node">
            <Attribute Name="ID" Type="Primitive" ValueType="String" Value="70178259-c45e-4bf7-b5f0-40507d6ad6f8#bed95336-9f2a-4a8e-bf34-f7a807fea7d9#4bd4dc4f-50de-42c7-89e1-f539908de05e" />
            <Attribute Name="Index" Type="Primitive" ValueType="Int32" Value="2" />
          </TreeItem>
          <TreeItem Name="Node">
            <Attribute Name="ID" Type="Primitive" ValueType="String" Value="70178259-c45e-4bf7-b5f0-40507d6ad6f8#bed95336-9f2a-4a8e-bf34-f7a807fea7d9#246765a7-3aa2-428f-8917-4742a4783259" />
            <Attribute Name="Index" Type="Primitive" ValueType="Int32" Value="3" />
          </TreeItem>
          <TreeItem Name="Node">
            <Attribute Name="ID" Type="Primitive" ValueType="String" Value="70178259-c45e-4bf7-b5f0-40507d6ad6f8#bed95336-9f2a-4a8e-bf34-f7a807fea7d9#f347c17c-2f6e-4472-9ddb-13156ce24501" />
            <Attribute Name="Index" Type="Primitive" ValueType="Int32" Value="4" />
          </TreeItem>
          <TreeItem Name="Node">
            <Attribute Name="ID" Type="Primitive" ValueType="String" Value="70178259-c45e-4bf7-b5f0-40507d6ad6f8#bed95336-9f2a-4a8e-bf34-f7a807fea7d9#0cf10d52-956a-45c4-b0f4-3724fa7c35c5" />
            <Attribute Name="Index" Type="Primitive" ValueType="Int32" Value="5" />
          </TreeItem>
          <TreeItem Name="Node">
            <Attribute Name="ID" Type="Primitive" ValueType="String" Value="70178259-c45e-4bf7-b5f0-40507d6ad6f8#bed95336-9f2a-4a8e-bf34-f7a807fea7d9#b0980cbd-271d-43b1-83fc-3267d6295188" />
            <Attribute Name="Index" Type="Primitive" ValueType="Int32" Value="6" />
          </TreeItem>
          <TreeItem Name="Node">
            <Attribute Name="ID" Type="Primitive" ValueType="String" Value="70178259-c45e-4bf7-b5f0-40507d6ad6f8#bed95336-9f2a-4a8e-bf34-f7a807fea7d9#65558eed-0d58-4704-88b0-e99765540f27" />
            <Attribute Name="Index" Type="Primitive" ValueType="Int32" Value="7" />
          </TreeItem>
          <TreeItem Name="Node">
            <Attribute Name="ID" Type="Primitive" ValueType="String" Value="70178259-c45e-4bf7-b5f0-40507d6ad6f8#bed95336-9f2a-4a8e-bf34-f7a807fea7d9#8d8a4db0-ee4b-43ef-8083-039f574ccfb6" />
            <Attribute Name="Index" Type="Primitive" ValueType="Int32" Value="8" />
          </TreeItem>
          <TreeItem Name="Node">
            <Attribute Name="ID" Type="Primitive" ValueType="String" Value="70178259-c45e-4bf7-b5f0-40507d6ad6f8#bed95336-9f2a-4a8e-bf34-f7a807fea7d9#4a6a9065-e76a-42ed-8b3c-b6244ea658d6" />
            <Attribute Name="Index" Type="Primitive" ValueType="Int32" Value="9" />
          </TreeItem>
          <TreeItem Name="Node">
            <Attribute Name="ID" Type="Primitive" ValueType="String" Value="70178259-c45e-4bf7-b5f0-40507d6ad6f8#bed95336-9f2a-4a8e-bf34-f7a807fea7d9#7d141203-00cb-4f64-816d-2855e30b7241" />
            <Attribute Name="Index" Type="Primitive" ValueType="Int32" Value="10" />
          </TreeItem>
          <TreeItem Name="Node">
            <Attribute Name="ID" Type="Primitive" ValueType="String" Value="70178259-c45e-4bf7-b5f0-40507d6ad6f8#bed95336-9f2a-4a8e-bf34-f7a807fea7d9#0fe114f1-d8ae-494e-abbf-1f2ebe656dc4" />
            <Attribute Name="Index" Type="Primitive" ValueType="Int32" Value="11" />
          </TreeItem>
        </TreeItem>
        <TreeItem Name="Node">
          <Attribute Name="ID" Type="Primitive" ValueType="String" Value="70178259-c45e-4bf7-b5f0-40507d6ad6f8#b0124d0e-6881-4585-a899-904953e58030" />
          <Attribute Name="Index" Type="Primitive" ValueType="Int32" Value="44" />
          <TreeItem Name="Node">
            <Attribute Name="ID" Type="Primitive" ValueType="String" Value="70178259-c45e-4bf7-b5f0-40507d6ad6f8#b0124d0e-6881-4585-a899-904953e58030#98f856fb-2239-4ada-824c-201ff14e6a08" />
            <Attribute Name="Index" Type="Primitive" ValueType="Int32" Value="0" />
          </TreeItem>
          <TreeItem Name="Node">
            <Attribute Name="ID" Type="Primitive" ValueType="String" Value="70178259-c45e-4bf7-b5f0-40507d6ad6f8#b0124d0e-6881-4585-a899-904953e58030#85abf995-4510-4add-a6d8-eb7e838b35f2" />
            <Attribute Name="Index" Type="Primitive" ValueType="Int32" Value="1" />
          </TreeItem>
        </TreeItem>
        <TreeItem Name="Node">
          <Attribute Name="ID" Type="Primitive" ValueType="String" Value="70178259-c45e-4bf7-b5f0-40507d6ad6f8#13ac88ee-a908-4b16-b4fc-86a79ccee179" />
          <Attribute Name="Index" Type="Primitive" ValueType="Int32" Value="45" />
          <TreeItem Name="Node">
            <Attribute Name="ID" Type="Primitive" ValueType="String" Value="70178259-c45e-4bf7-b5f0-40507d6ad6f8#13ac88ee-a908-4b16-b4fc-86a79ccee179#89425351-8515-43ca-b771-f77e7a29ca81" />
            <Attribute Name="Index" Type="Primitive" ValueType="Int32" Value="0" />
          </TreeItem>
          <TreeItem Name="Node">
            <Attribute Name="ID" Type="Primitive" ValueType="String" Value="70178259-c45e-4bf7-b5f0-40507d6ad6f8#13ac88ee-a908-4b16-b4fc-86a79ccee179#04fd0de2-af3e-4d98-99f6-5aaa4ece265e" />
            <Attribute Name="Index" Type="Primitive" ValueType="Int32" Value="1" />
          </TreeItem>
        </TreeItem>
        <TreeItem Name="Node">
          <Attribute Name="ID" Type="Primitive" ValueType="String" Value="70178259-c45e-4bf7-b5f0-40507d6ad6f8#ee91d619-d60b-46dc-a628-c3f5bd3b1e42" />
          <Attribute Name="Index" Type="Primitive" ValueType="Int32" Value="46" />
          <TreeItem Name="Node">
            <Attribute Name="ID" Type="Primitive" ValueType="String" Value="70178259-c45e-4bf7-b5f0-40507d6ad6f8#ee91d619-d60b-46dc-a628-c3f5bd3b1e42#4c64e993-eb2c-4f59-84a4-9010d3922aa3" />
            <Attribute Name="Index" Type="Primitive" ValueType="Int32" Value="0" />
          </TreeItem>
          <TreeItem Name="Node">
            <Attribute Name="ID" Type="Primitive" ValueType="String" Value="70178259-c45e-4bf7-b5f0-40507d6ad6f8#ee91d619-d60b-46dc-a628-c3f5bd3b1e42#75eab5de-0cfb-4b0e-ad27-71eb20cc2994" />
            <Attribute Name="Index" Type="Primitive" ValueType="Int32" Value="1" />
          </TreeItem>
        </TreeItem>
        <TreeItem Name="Node">
          <Attribute Name="ID" Type="Primitive" ValueType="String" Value="70178259-c45e-4bf7-b5f0-40507d6ad6f8#7578daca-57f7-41a4-ab68-ecc5935cd95b" />
          <Attribute Name="Index" Type="Primitive" ValueType="Int32" Value="47" />
          <TreeItem Name="Node">
            <Attribute Name="ID" Type="Primitive" ValueType="String" Value="70178259-c45e-4bf7-b5f0-40507d6ad6f8#7578daca-57f7-41a4-ab68-ecc5935cd95b#e425c13e-9727-4551-8d3a-f06bd39b89ee" />
            <Attribute Name="Index" Type="Primitive" ValueType="Int32" Value="0" />
          </TreeItem>
          <TreeItem Name="Node">
            <Attribute Name="ID" Type="Primitive" ValueType="String" Value="70178259-c45e-4bf7-b5f0-40507d6ad6f8#7578daca-57f7-41a4-ab68-ecc5935cd95b#8fb20f81-12ed-4cb9-88bd-e179dded3d4d" />
            <Attribute Name="Index" Type="Primitive" ValueType="Int32" Value="1" />
          </TreeItem>
          <TreeItem Name="Node">
            <Attribute Name="ID" Type="Primitive" ValueType="String" Value="70178259-c45e-4bf7-b5f0-40507d6ad6f8#7578daca-57f7-41a4-ab68-ecc5935cd95b#acaf8ec7-8392-47cd-b988-492ffce3e381" />
            <Attribute Name="Index" Type="Primitive" ValueType="Int32" Value="2" />
          </TreeItem>
          <TreeItem Name="Node">
            <Attribute Name="ID" Type="Primitive" ValueType="String" Value="70178259-c45e-4bf7-b5f0-40507d6ad6f8#7578daca-57f7-41a4-ab68-ecc5935cd95b#e2275435-6c0b-44b9-ac07-ac38e6f39d3c" />
            <Attribute Name="Index" Type="Primitive" ValueType="Int32" Value="3" />
          </TreeItem>
        </TreeItem>
        <TreeItem Name="Node">
          <Attribute Name="ID" Type="Primitive" ValueType="String" Value="70178259-c45e-4bf7-b5f0-40507d6ad6f8#465e0160-7005-456c-80da-e30d8b39b1cd" />
          <Attribute Name="Index" Type="Primitive" ValueType="Int32" Value="48" />
          <TreeItem Name="Node">
            <Attribute Name="ID" Type="Primitive" ValueType="String" Value="70178259-c45e-4bf7-b5f0-40507d6ad6f8#465e0160-7005-456c-80da-e30d8b39b1cd#c83d6967-551f-498c-a7f5-6f1340a51e82" />
            <Attribute Name="Index" Type="Primitive" ValueType="Int32" Value="0" />
          </TreeItem>
          <TreeItem Name="Node">
            <Attribute Name="ID" Type="Primitive" ValueType="String" Value="70178259-c45e-4bf7-b5f0-40507d6ad6f8#465e0160-7005-456c-80da-e30d8b39b1cd#09962504-d2ff-48bc-981d-b8611fdf976e" />
            <Attribute Name="Index" Type="Primitive" ValueType="Int32" Value="1" />
          </TreeItem>
          <TreeItem Name="Node">
            <Attribute Name="ID" Type="Primitive" ValueType="String" Value="70178259-c45e-4bf7-b5f0-40507d6ad6f8#465e0160-7005-456c-80da-e30d8b39b1cd#2081861a-1079-4f61-bd56-19a38ffeaf3e" />
            <Attribute Name="Index" Type="Primitive" ValueType="Int32" Value="2" />
          </TreeItem>
          <TreeItem Name="Node">
            <Attribute Name="ID" Type="Primitive" ValueType="String" Value="70178259-c45e-4bf7-b5f0-40507d6ad6f8#465e0160-7005-456c-80da-e30d8b39b1cd#4bc0b02b-eb86-4808-a511-b74204ed71cc" />
            <Attribute Name="Index" Type="Primitive" ValueType="Int32" Value="3" />
          </TreeItem>
        </TreeItem>
        <TreeItem Name="Node">
          <Attribute Name="ID" Type="Primitive" ValueType="String" Value="70178259-c45e-4bf7-b5f0-40507d6ad6f8#42991332-7337-4068-9f6c-47bf66886fbc" />
          <Attribute Name="Index" Type="Primitive" ValueType="Int32" Value="49" />
          <TreeItem Name="Node">
            <Attribute Name="ID" Type="Primitive" ValueType="String" Value="70178259-c45e-4bf7-b5f0-40507d6ad6f8#42991332-7337-4068-9f6c-47bf66886fbc#8d8a4db0-ee4b-43ef-8083-039f574ccfb6" />
            <Attribute Name="Index" Type="Primitive" ValueType="Int32" Value="0" />
          </TreeItem>
          <TreeItem Name="Node">
            <Attribute Name="ID" Type="Primitive" ValueType="String" Value="70178259-c45e-4bf7-b5f0-40507d6ad6f8#42991332-7337-4068-9f6c-47bf66886fbc#4a6a9065-e76a-42ed-8b3c-b6244ea658d6" />
            <Attribute Name="Index" Type="Primitive" ValueType="Int32" Value="1" />
          </TreeItem>
        </TreeItem>
        <TreeItem Name="Node">
          <Attribute Name="ID" Type="Primitive" ValueType="String" Value="70178259-c45e-4bf7-b5f0-40507d6ad6f8#934dbd19-4f34-4747-ab5f-20335e3380b5" />
          <Attribute Name="Index" Type="Primitive" ValueType="Int32" Value="50" />
          <TreeItem Name="Node">
            <Attribute Name="ID" Type="Primitive" ValueType="String" Value="70178259-c45e-4bf7-b5f0-40507d6ad6f8#934dbd19-4f34-4747-ab5f-20335e3380b5#7d141203-00cb-4f64-816d-2855e30b7241" />
            <Attribute Name="Index" Type="Primitive" ValueType="Int32" Value="0" />
          </TreeItem>
          <TreeItem Name="Node">
            <Attribute Name="ID" Type="Primitive" ValueType="String" Value="70178259-c45e-4bf7-b5f0-40507d6ad6f8#934dbd19-4f34-4747-ab5f-20335e3380b5#0fe114f1-d8ae-494e-abbf-1f2ebe656dc4" />
            <Attribute Name="Index" Type="Primitive" ValueType="Int32" Value="1" />
          </TreeItem>
        </TreeItem>
      </TreeItem>
    </TreeItem>
    <TreeItem Name="Branch">
      <Attribute Name="ID" Type="Primitive" ValueType="String" Value="Layouts" />
    </TreeItem>
    <TreeItem Name="Branch">
      <Attribute Name="ID" Type="Primitive" ValueType="String" Value="Settings" />
    </TreeItem>
  </TreeItem>
</ManagedTreeData>