﻿<?xml version="1.0" encoding="utf-8"?>
<device type="DMXDevice" dmxaddresscount="3" DefaultDisplayStyle="IMAGE" dmxcversion="3.1.0" ddfversion="1.0">
  <information>
    <model>LED Flash LF12</model>
    <vendor>Stairville</vendor>
    <author>GHS Wedel</author>
    <comment>3 Channel</comment>
  </information>
  <functions>
    <dimmer dmxchannel="0">
      <range type="linear" mindmx="0" maxdmx="255" minval="0" maxval="100" />
    </dimmer>
    <strobe dmxchannel="1">
      <step type="open" mindmx="0" maxdmx="0" minval="0" maxval="0" />
      <range type="linear" mindmx="1" maxdmx="255" minval="1" maxval="50" />
    </strobe>
    <effectwheel dmxchannel="2">
      <step type="open" mindmx="0" maxdmx="0" caption="No Mic Sensivity" />
      <step type="speed" mindmx="1" maxdmx="255" caption="Mic Sensivity" />
    </effectwheel>
  </functions>
  <procedures />
</device>