﻿<?xml version="1.0" encoding="utf-8"?>
<device image="471005.jpg" type="DMXDevice" dmxaddresscount="1" DefaultDisplayStyle="IMAGE" dmxcversion="3.1.0" ddfversion="1.0">
  <information>
    <model>MBM40D Mirror Ball Motor</model>
    <vendor>Stairville</vendor>
    <author>GHS Wedel</author>
    <comment>Mirror Ball Motor DMX</comment>
  </information>
  <functions>
    <rotation dmxchannel="0">
      <step type="stop" mindmx="0" maxdmx="0" minval="0" maxval="0" />
      <range type="cw" mindmx="127" maxdmx="1" minval="1" maxval="100" />
      <step type="stop" mindmx="128" maxdmx="128" minval="0" maxval="0" />
      <range type="ccw" mindmx="129" maxdmx="255" minval="1" maxval="100" />
    </rotation>
  </functions>
  <procedures />
</device>