﻿<?xml version="1.0" encoding="utf-8"?>
<device image="1525098064_1402344.jpg" type="DMXDevice" dmxaddresscount="5" DefaultDisplayStyle="CUSTOM" dmxcversion="3.1.0" ddfversion="1.0">
  <information>
    <model>KL FRESNEL 6</model>
    <vendor>Elation Lighting</vendor>
    <author>GHS Wedel</author>
    <comment>5 Ch</comment>
  </information>
  <functions>
    <dimmer dmxchannel="0" finedmxchannel="1">
      <range type="linear" mindmx="0" maxdmx="255" minval="0" maxval="100" />
    </dimmer>
    <shutter dmxchannel="2">
      <step type="open" mindmx="32" maxdmx="63" />
      <step type="closed" mindmx="0" maxdmx="31" />
    </shutter>
    <strobe dmxchannel="2">
      <step type="open" mindmx="32" maxdmx="63" minval="50" maxval="50" />
      <range type="linear" mindmx="64" maxdmx="95" minval="0" maxval="50" />
      <range type="pulse" mindmx="128" maxdmx="159" minval="0" maxval="50" />
      <range type="random" mindmx="192" maxdmx="223" minval="0" maxval="50" />
    </strobe>
    <rawstep dmxchannel="3" name="Dimmer Modes">
      <step caption="Standard" mindmx="0" maxdmx="20" />
      <step caption="Stage" mindmx="21" maxdmx="40" />
      <step caption="TV" mindmx="41" maxdmx="60" />
      <step caption="Architectural" mindmx="61" maxdmx="80" />
      <step caption="Theatre" mindmx="81" maxdmx="100" />
      <step caption="Stage 2" mindmx="101" maxdmx="120" />
      <step caption="Dimmer Delay Time 0.0 seconds" mindmx="121" maxdmx="121" />
      <step caption="Dimmer Delay Time 0.1 seconds" mindmx="122" maxdmx="122" />
      <step caption="Dimmer Delay Time 0.2 seconds" mindmx="123" maxdmx="123" />
      <step caption="Dimmer Delay Time 0.3 seconds" mindmx="124" maxdmx="124" />
      <step caption="Dimmer Delay Time 0.4 seconds" mindmx="125" maxdmx="125" />
      <step caption="Dimmer Delay Time 0.5 seconds" mindmx="126" maxdmx="126" />
      <step caption="Dimmer Delay Time 0.6 seconds" mindmx="127" maxdmx="127" />
      <step caption="Dimmer Delay Time 0.7 seconds" mindmx="128" maxdmx="128" />
      <step caption="Dimmer Delay Time 0.8 seconds" mindmx="129" maxdmx="129" />
      <step caption="Dimmer Delay Time 0.9 seconds" mindmx="130" maxdmx="130" />
      <step caption="Dimmer Delay Time 1.0 seconds" mindmx="131" maxdmx="131" />
      <step caption="Dimmer Delay Time 1.5 seconds" mindmx="132" maxdmx="132" />
      <step caption="Dimmer Delay Time 2.0 seconds" mindmx="133" maxdmx="133" />
      <step caption="Dimmer Delay Time 3.0 seconds" mindmx="134" maxdmx="134" />
      <step caption="Dimmer Delay Time 4.0 seconds" mindmx="135" maxdmx="135" />
      <step caption="Dimmer Delay Time 5.0 seconds" mindmx="136" maxdmx="136" />
      <step caption="Dimmer Delay Time 6.0 seconds" mindmx="137" maxdmx="137" />
      <step caption="Dimmer Delay Time 7.0 seconds" mindmx="138" maxdmx="138" />
      <step caption="Dimmer Delay Time 8.0 seconds" mindmx="139" maxdmx="139" />
      <step caption="Dimmer Delay Time 9.0 seconds" mindmx="140" maxdmx="140" />
      <step caption="Dimmer Delay Time 10.0 seconds" mindmx="141" maxdmx="141" />
      <step caption="Default" mindmx="142" maxdmx="255" />
    </rawstep>
    <rawstep dmxchannel="4" name="LED Refresh Rate">
      <step caption="IDLE" mindmx="0" maxdmx="100" />
      <step caption="900 Hz Hold selected DMX value for 5 seconds toset LED Refresh Rate" mindmx="101" maxdmx="105" />
      <step caption="1000 Hz Hold selected DMX value for 5 seconds toset LED Refresh Rate" mindmx="106" maxdmx="110" />
      <step caption="1100 Hz Hold selected DMX value for 5 seconds toset LED Refresh Rate" mindmx="111" maxdmx="115" />
      <step caption="1200 Hz Hold selected DMX value for 5 seconds toset LED Refresh Rate" mindmx="116" maxdmx="120" />
      <step caption="1300 Hz Hold selected DMX value for 5 seconds toset LED Refresh Rate" mindmx="121" maxdmx="125" />
      <step caption="1400 Hz Hold selected DMX value for 5 seconds toset LED Refresh Rate" mindmx="126" maxdmx="130" />
      <step caption="1500 Hz Hold selected DMX value for 5 seconds toset LED Refresh Rate" mindmx="131" maxdmx="135" />
      <step caption="2500 Hz Hold selected DMX value for 5 seconds toset LED Refresh Rate" mindmx="136" maxdmx="140" />
      <step caption="4000 Hz Hold selected DMX value for 5 seconds toset LED Refresh Rate" mindmx="141" maxdmx="145" />
      <step caption="5000 Hz Hold selected DMX value for 5 seconds toset LED Refresh Rate" mindmx="146" maxdmx="150" />
      <step caption="10.000 Hz Hold selected DMX value for 5 seconds toset LED Refresh Rate" mindmx="151" maxdmx="155" />
      <step caption="15.000 Hz Hold selected DMX value for 5 seconds toset LED Refresh Rate" mindmx="156" maxdmx="160" />
      <step caption="20.000 Hz Hold selected DMX value for 5 seconds toset LED Refresh Rate" mindmx="161" maxdmx="165" />
      <step caption="25.000 Hz Hold selected DMX value for 5 seconds toset LED Refresh Rate" mindmx="166" maxdmx="170" />
      <step caption="IDLE" mindmx="171" maxdmx="200" />
      <step caption="Dimmer Curve Linear (Default)" mindmx="201" maxdmx="210" />
      <step caption="Dimmer Curve Square" mindmx="211" maxdmx="220" />
      <step caption="Dimmer Curve Inverse Square" mindmx="221" maxdmx="230" />
      <step caption="Dimmer Curve S-Curve" mindmx="231" maxdmx="240" />
      <step caption="IDLE" mindmx="241" maxdmx="255" />
    </rawstep>
  </functions>
  <procedures />
</device>