﻿<?xml version="1.0" encoding="utf-8"?>
<device type="DMXDevice" dmxaddresscount="1" DefaultDisplayStyle="IMAGE" dmxcversion="3.1.0" ddfversion="1.0">
  <information>
    <model>UV-Tube</model>
    <vendor>Eurolite</vendor>
    <author>GHS Wedel</author>
    <comment>UV-Set Non-Dimm</comment>
  </information>
  <functions>
    <dimmer dmxchannel="0">
      <range type="linear" mindmx="0" maxdmx="0" minval="0" maxval="50" />
      <range type="linear" mindmx="255" maxdmx="255" minval="51" maxval="100" />
    </dimmer>
  </functions>
  <procedures />
</device>