﻿<?xml version="1.0" encoding="utf-8"?>
<device image="IMG-000269.png" type="DMXDevice" dmxaddresscount="6" dmxcversion="3.1.0" ddfversion="1.0">
  <information>
    <ddf-library-id>909</ddf-library-id>
    <model>TS-255</model>
    <vendor>Eurolite</vendor>
    <author>GHS Wedel</author>
  </information>
  <functions>
    <position>
      <pan dmxchannel="0">
        <range range="180" />
      </pan>
      <tilt dmxchannel="1">
        <range range="110" />
      </tilt>
    </position>
    <colorwheel dmxchannel="2">
      <step type="color" val="#ffffff" mindmx="0" maxdmx="31" caption="Open/White" />
      <step type="color" val="#ff0000" mindmx="32" maxdmx="63" caption="Red" />
      <step type="color" val="#fffc00" mindmx="64" maxdmx="95" caption="Yellow" />
      <step type="color" val="#7c00fc" mindmx="96" maxdmx="127" caption="Violet" />
      <step type="color" val="#00ff00" mindmx="128" maxdmx="159" caption="Green" />
      <step type="color" val="#ff7e00" mindmx="160" maxdmx="191" caption="Orange" />
      <step type="color" val="#0000ff" mindmx="192" maxdmx="223" caption="Blue" />
      <step type="color" val="#fc00ff" mindmx="224" maxdmx="255" caption="Pink" />
    </colorwheel>
    <gobowheel dmxchannel="3">
      <goborotation dmxchannel="5">
        <step type="stop" mindmx="0" maxdmx="4" />
        <step type="stop" mindmx="121" maxdmx="139" />
        <range type="cw" mindmx="5" maxdmx="120" minval="0.1" maxval="1.25" />
        <range type="ccw" mindmx="140" maxdmx="255" minval="0.1" maxval="1.25" />
      </goborotation>
      <step type="open" mindmx="0" maxdmx="31" caption="Open" />
      <step type="gobo" mindmx="32" maxdmx="63" val="ICON-000865.png" caption="Gobo 1" />
      <step type="gobo" mindmx="64" maxdmx="95" val="ICON-000839.png" caption="Gobo 2" />
      <step type="gobo" mindmx="96" maxdmx="127" val="ICON-000845.png" caption="Gobo 3" />
      <step type="gobo" mindmx="128" maxdmx="159" val="ICON-000811.png" caption="Gobo 4" />
      <step type="gobo" mindmx="160" maxdmx="191" val="ICON-000930.png" caption="Gobo 5" />
      <step type="gobo" mindmx="192" maxdmx="223" val="ICON-000917.png" caption="Gobo 6" />
      <step type="gobo" mindmx="224" maxdmx="255" val="ICON-000926.png" caption="Gobo 7" />
    </gobowheel>
    <shutter dmxchannel="4">
      <step type="open" mindmx="15" maxdmx="15" />
      <step type="open" mindmx="251" maxdmx="255" />
      <step type="closed" mindmx="0" maxdmx="14" />
    </shutter>
    <strobe dmxchannel="4">
      <range type="linear" mindmx="16" maxdmx="250" minval="0.5" maxval="7" />
      <step type="open" mindmx="15" maxdmx="15" minval="100" maxval="100" />
      <step type="open" mindmx="251" maxdmx="255" minval="90" maxval="99" />
    </strobe>
  </functions>
  <procedures />
</device>