﻿<?xml version="1.0" encoding="utf-8"?>
<device image="12913543_800.jpg" type="DMXDevice" dmxaddresscount="20" DefaultDisplayStyle="IMAGE" dmxcversion="3.1.0" ddfversion="1.0">
  <information>
    <model>BSW-100</model>
    <vendor>Stairville</vendor>
    <author>Jonas Sorgenfrei</author>
    <comment>BSW-100 LED BeamSpotWash</comment>
    <mode>(20-Channel)</mode>
  </information>
  <functions>
    <position>
      <pan dmxchannel="0" finedmxchannel="1">
        <range range="540" />
      </pan>
      <tilt dmxchannel="2" finedmxchannel="3">
        <range range="270" />
      </tilt>
    </position>
    <ptspeed dmxchannel="4">
      <range type="linear" mindmx="255" maxdmx="1" minval="0" maxval="100" />
    </ptspeed>
    <rawstep dmxchannel="5" name="Automatische Shows">
      <step caption="Null" mindmx="0" maxdmx="15" />
      <step caption="Show 1" mindmx="16" maxdmx="63" />
      <step caption="Show 2" mindmx="64" maxdmx="127" />
      <step caption="Show 3" mindmx="128" maxdmx="191" />
      <step caption="Show 4" mindmx="192" maxdmx="255" />
    </rawstep>
    <rawstep dmxchannel="6" name="Pan-/Tilt-Makro">
      <step caption="Aus" mindmx="0" maxdmx="7" />
      <step caption="Makro 1" mindmx="8" maxdmx="15" />
      <step caption="Makro 2" mindmx="16" maxdmx="23" />
      <step caption="Makro 3" mindmx="24" maxdmx="31" />
      <step caption="Makro 4" mindmx="32" maxdmx="39" />
      <step caption="Makro 5" mindmx="40" maxdmx="47" />
      <step caption="Makro 6" mindmx="48" maxdmx="55" />
      <step caption="Makro 7" mindmx="56" maxdmx="63" />
      <step caption="Makro 8" mindmx="64" maxdmx="71" />
      <step caption="Makro 9" mindmx="72" maxdmx="79" />
      <step caption="Makro 10" mindmx="80" maxdmx="87" />
      <step caption="Makro 11" mindmx="88" maxdmx="95" />
      <step caption="Makro 12" mindmx="96" maxdmx="103" />
      <step caption="Makro 13" mindmx="104" maxdmx="111" />
      <step caption="Makro 14" mindmx="112" maxdmx="119" />
      <step caption="Makro 15" mindmx="120" maxdmx="127" />
      <step caption="Makro 16" mindmx="128" maxdmx="135" />
      <step caption="Makro 17" mindmx="136" maxdmx="143" />
      <step caption="Makro 18" mindmx="144" maxdmx="151" />
      <step caption="Makro 19" mindmx="152" maxdmx="159" />
      <step caption="Makro 20" mindmx="160" maxdmx="167" />
      <step caption="Makro 21" mindmx="168" maxdmx="175" />
      <step caption="Makro 22" mindmx="176" maxdmx="183" />
      <step caption="Makro 23" mindmx="184" maxdmx="191" />
      <step caption="Makro 24" mindmx="192" maxdmx="199" />
      <step caption="Makro 25" mindmx="200" maxdmx="207" />
      <step caption="Makro 26" mindmx="208" maxdmx="215" />
      <step caption="Makro 27" mindmx="216" maxdmx="223" />
      <step caption="Makro 28" mindmx="224" maxdmx="231" />
      <step caption="Makro 29" mindmx="232" maxdmx="239" />
      <step caption="Makro 30" mindmx="240" maxdmx="247" />
      <step caption="Makro 31" mindmx="248" maxdmx="255" />
    </rawstep>
    <raw dmxchannel="7" name="Makro-Geschwindigkeit">
      <range type="linear" mindmx="0" maxdmx="255" minval="0" maxval="3" />
    </raw>
    <colorwheel dmxchannel="8">
      <step type="color" val="#ffffff" mindmx="0" maxdmx="15" caption="Weis" />
      <step type="color" val="#ff0000" mindmx="19" maxdmx="21" caption="Rot" />
      <step type="color" val="#ff7e00" mindmx="25" maxdmx="27" caption="Orange" />
      <step type="color" val="#fffc00" mindmx="31" maxdmx="33" caption="Gelb" />
      <step type="color" val="#00ff00" mindmx="37" maxdmx="39" caption="Grün" />
      <step type="color" val="#0000ff" mindmx="43" maxdmx="45" caption="Blau" />
      <step type="color" val="#ff0083" mindmx="49" maxdmx="51" caption="Magenta" />
      <step type="color" val="#00fffc" mindmx="55" maxdmx="57" caption="Hellblau" />
      <step type="color" val="#fc00ff" mindmx="61" maxdmx="63" caption="Pink" />
      <wheelrotation>
        <range type="cw" mindmx="194" maxdmx="255" minval="0" maxval="3" />
        <range type="ccw" mindmx="189" maxdmx="128" minval="0" maxval="3" />
      </wheelrotation>
    </colorwheel>
    <gobowheel dmxchannel="9">
      <goborotation dmxchannel="11">
        <step type="stop" mindmx="0" maxdmx="127" />
        <range type="cw" mindmx="189" maxdmx="128" minval="0.1" maxval="3" />
        <range type="ccw" mindmx="194" maxdmx="255" minval="0.1" maxval="3" />
        <step type="stop" mindmx="190" maxdmx="193" />
      </goborotation>
      <goboshake />
      <step type="open" mindmx="0" maxdmx="7" caption="Offen (Gobo-Rad 1)" />
      <step type="gobo" mindmx="8" maxdmx="16" val="ICON-000609.png" caption="Gobo 1 (Gobo-Rad 1)">
        <range handler="goboshake" mindmx="8" maxdmx="16" minval="0" maxval="0" />
        <range handler="goboshake" mindmx="68" maxdmx="76" minval="0.1" maxval="3" />
      </step>
      <step type="gobo" mindmx="17" maxdmx="25" val="ICON-000610.png" caption="Gobo 2 (Gobo-Rad 1)">
        <range handler="goboshake" mindmx="17" maxdmx="25" minval="0" maxval="0" />
        <range handler="goboshake" mindmx="77" maxdmx="85" minval="0.1" maxval="3" />
      </step>
      <step type="gobo" mindmx="26" maxdmx="34" val="ICON-000611.png" caption="Gobo 3 (Gobo-Rad 1)">
        <range handler="goboshake" mindmx="26" maxdmx="34" minval="0" maxval="0" />
        <range handler="goboshake" mindmx="86" maxdmx="94" minval="0.1" maxval="3" />
      </step>
      <step type="gobo" mindmx="35" maxdmx="43" val="ICON-000612.png" caption="Gobo 4 (Gobo-Rad 1)">
        <range handler="goboshake" mindmx="35" maxdmx="43" minval="0" maxval="0" />
        <range handler="goboshake" mindmx="95" maxdmx="103" minval="0.1" maxval="3" />
      </step>
      <step type="gobo" mindmx="44" maxdmx="52" val="ICON-000613.png" caption="Gobo 5 (Gobo-Rad 1)">
        <range handler="goboshake" mindmx="44" maxdmx="52" minval="0" maxval="0" />
        <range handler="goboshake" mindmx="104" maxdmx="112" minval="0.1" maxval="3" />
      </step>
      <step type="gobo" mindmx="53" maxdmx="61" val="bsw100g1-6.png" caption="Gobo 6 (Gobo-Rad 1)">
        <range handler="goboshake" mindmx="53" maxdmx="61" minval="0" maxval="0" />
        <range handler="goboshake" mindmx="113" maxdmx="121" minval="0.1" maxval="3" />
      </step>
      <step type="gobo" mindmx="62" maxdmx="67" val="bsw100g1-7.png" caption="Gobo 7 (Gobo-Rad 1)">
        <range handler="goboshake" mindmx="62" maxdmx="67" minval="0" maxval="0" />
        <range handler="goboshake" mindmx="122" maxdmx="127" minval="0.1" maxval="3" />
      </step>
      <wheelrotation>
        <range type="cw" mindmx="194" maxdmx="255" minval="0.1" maxval="3" />
        <range type="ccw" mindmx="189" maxdmx="128" minval="0.1" maxval="3" />
        <step type="stop" mindmx="190" maxdmx="193" minval="0" maxval="0" />
      </wheelrotation>
    </gobowheel>
    <gobowheel dmxchannel="10">
      <goborotation dmxchannel="11">
        <step type="stop" mindmx="0" maxdmx="127" />
        <range type="cw" mindmx="189" maxdmx="128" minval="0.1" maxval="3" />
        <range type="ccw" mindmx="194" maxdmx="255" minval="0.1" maxval="3" />
        <step type="stop" mindmx="190" maxdmx="193" />
      </goborotation>
      <step type="open" mindmx="0" maxdmx="7" caption="Offen (Gobo-Rad 2)" />
      <step type="gobo" mindmx="8" maxdmx="16" val="ICON-000811.png" caption="Gobo 1 (Gobo-Rad 2)">
        <range handler="goboshake" mindmx="8" maxdmx="16" minval="0" maxval="0" />
        <range handler="goboshake" mindmx="80" maxdmx="99" minval="0.1" maxval="3" />
      </step>
      <step type="gobo" mindmx="17" maxdmx="25" val="bsw100g2-2.png" caption="Gobo 2 (Gobo-Rad 2)">
        <range handler="goboshake" mindmx="17" maxdmx="25" minval="0" maxval="0" />
        <range handler="goboshake" mindmx="100" maxdmx="119" minval="0.1" maxval="3" />
      </step>
      <step type="gobo" mindmx="26" maxdmx="34" val="bsw100g2-3.png" caption="Gobo 3 (Gobo-Rad 2)">
        <range handler="goboshake" mindmx="26" maxdmx="34" minval="0" maxval="0" />
        <range handler="goboshake" mindmx="120" maxdmx="139" minval="0.1" maxval="3" />
      </step>
      <step type="gobo" mindmx="35" maxdmx="43" val="bsw100g2-4.png" caption="Gobo 4 (Gobo-Rad 2)">
        <range handler="goboshake" mindmx="35" maxdmx="43" minval="0" maxval="0" />
        <range handler="goboshake" mindmx="140" maxdmx="159" minval="0.1" maxval="3" />
      </step>
      <step type="gobo" mindmx="44" maxdmx="52" val="bsw100g2-5.png" caption="Gobo 5 (Gobo-Rad 2)">
        <range handler="goboshake" mindmx="44" maxdmx="52" minval="0" maxval="0" />
        <range handler="goboshake" mindmx="160" maxdmx="179" minval="0.1" maxval="3" />
      </step>
      <step type="gobo" mindmx="53" maxdmx="61" val="ICON-000548.png" caption="Gobo 6 (Gobo-Rad 2)">
        <range handler="goboshake" mindmx="53" maxdmx="61" minval="0" maxval="0" />
        <range handler="goboshake" mindmx="180" maxdmx="199" minval="0.1" maxval="3" />
      </step>
      <wheelrotation>
        <range type="cw" mindmx="194" maxdmx="255" minval="0.1" maxval="3" />
        <range type="ccw" mindmx="189" maxdmx="128" minval="0.1" maxval="3" />
        <step type="stop" mindmx="190" maxdmx="193" minval="0" maxval="0" />
      </wheelrotation>
    </gobowheel>
    <frost dmxchannel="12">
      <step type="open" mindmx="0" maxdmx="7" minval="0" maxval="0" />
      <range type="linear" mindmx="129" maxdmx="255" minval="0.1" maxval="3" />
    </frost>
    <raw dmxchannel="12" name="Angle">
      <range type="linear" mindmx="6" maxdmx="128" minval="0" maxval="3" />
    </raw>
    <prism dmxchannel="13">
      <prismrotation dmxchannel="14">
        <step type="stop" mindmx="0" maxdmx="127" minval="0" maxval="0" />
        <range type="ccw" mindmx="189" maxdmx="128" minval="0.1" maxval="3" />
        <step type="stop" mindmx="190" maxdmx="193" minval="0" maxval="0" />
        <range type="cw" mindmx="194" maxdmx="255" minval="0.1" maxval="3" />
      </prismrotation>
      <step type="open" mindmx="0" maxdmx="7" caption="Aus" />
      <step type="prism" mindmx="8" maxdmx="255" caption="An" />
    </prism>
    <focus dmxchannel="15">
      <range type="linear" mindmx="0" maxdmx="255" minval="0" maxval="100" />
    </focus>
    <shutter dmxchannel="16">
      <step type="closed" mindmx="0" maxdmx="7" />
      <step type="open" mindmx="8" maxdmx="15" />
      <step type="open" mindmx="132" maxdmx="139" />
      <step type="open" mindmx="182" maxdmx="189" />
      <step type="open" mindmx="232" maxdmx="239" />
      <step type="open" mindmx="248" maxdmx="255" />
    </shutter>
    <strobe dmxchannel="16">
      <step type="linear" mindmx="0" maxdmx="7" minval="0" maxval="0" />
      <range type="linear" mindmx="16" maxdmx="131" minval="0.1" maxval="30" />
      <range type="random" mindmx="240" maxdmx="247" minval="0.1" maxval="30" />
      <range type="pulse" mindmx="140" maxdmx="181" minval="0.1" maxval="15" />
      <range type="pulse" mindmx="190" maxdmx="231" minval="15" maxval="30" />
    </strobe>
    <dimmer dmxchannel="17" finedmxchannel="18" />
    <rawstep dmxchannel="19" name="Besondere Funktionen">
      <step caption="Keine Funktion" mindmx="0" maxdmx="69" />
      <step caption="Blackout während der Pan-/Tilt-Bewegung" mindmx="70" maxdmx="79" />
      <step caption="Keine Funktion" mindmx="80" maxdmx="89" />
      <step caption="Blackout während der Bewegung des Goborads" mindmx="110" maxdmx="119" />
      <step caption="Keine Funktion" mindmx="100" maxdmx="109" />
      <step caption="Blackout während der Bewegung des Farbrads" mindmx="90" maxdmx="99" />
      <step caption="Keine Funktion" mindmx="120" maxdmx="139" />
      <step caption="Pan-/Tilt-Reset" mindmx="140" maxdmx="149" />
      <step caption="Effekt-Reset" mindmx="150" maxdmx="159" />
      <step caption="Keine Funktion" mindmx="160" maxdmx="199" />
      <step caption="Alles Zurücksetzen" mindmx="200" maxdmx="209" />
      <step caption="Blackout während der Pan-/Tilt-Bewegung. der Bewegung des Goborads und des Farbrads" mindmx="210" maxdmx="219" />
      <step caption="Keine Funktion" mindmx="220" maxdmx="255" />
    </rawstep>
  </functions>
  <procedures />
</device>