<?xml version="1.0" encoding="UTF-8"?>
<device image="7a1d50f6880678ae591b68916c10716f.jpg" type="DMXDevice" dmxaddresscount="24" dmxcversion="3.0.0" ddfversion="1.0.0">
  <information>
    <ddf-library-id>1103</ddf-library-id>
    <model>LED Bar 240/8 RGB</model>
    <vendor>Stairville</vendor>
    <author>Friedrich Kremer</author>
    <mode>24 Channel Mode</mode>
  </information>
  <functions>
    <matrix rows="1" columns="8" monocrome="false">
      <rgb>
        <red dmxchannel="0"/>
        <green dmxchannel="1"/>
        <blue dmxchannel="2"/>
      </rgb>
      <rgb>
        <red dmxchannel="3"/>
        <green dmxchannel="4"/>
        <blue dmxchannel="5"/>
      </rgb>
      <rgb>
        <red dmxchannel="6"/>
        <green dmxchannel="7"/>
        <blue dmxchannel="8"/>
      </rgb>
      <rgb>
        <red dmxchannel="9"/>
        <green dmxchannel="10"/>
        <blue dmxchannel="11"/>
      </rgb>
      <rgb>
        <red dmxchannel="12"/>
        <green dmxchannel="13"/>
        <blue dmxchannel="14"/>
      </rgb>
      <rgb>
        <red dmxchannel="15"/>
        <green dmxchannel="16"/>
        <blue dmxchannel="17"/>
      </rgb>
      <rgb>
        <red dmxchannel="18"/>
        <green dmxchannel="19"/>
        <blue dmxchannel="20"/>
      </rgb>
      <rgb>
        <red dmxchannel="21"/>
        <green dmxchannel="22"/>
        <blue dmxchannel="23"/>
      </rgb>
    </matrix>
  </functions>
  <procedures/>
</device>
