<?xml version="1.0" encoding="UTF-8"?>
<device image="IMG-000529.png" dmxaddresscount="5" type="DMXDevice" dmxcversion="3.2.0" ddfversion="1.3.0">
  <information>
    <ddf-library-id>1837</ddf-library-id>
    <model>Octagon Theater CW/WW 36x1W</model>
    <vendor>Stairville</vendor>
    <author>Friedrich Kremer</author>
    <electrical>
      <static>15</static>
      <dimmer>36</dimmer>
    </electrical>
    <mode>5 Channel Mode</mode>
  </information>
  <functions>
    <rgb>
      <red/>
      <green/>
      <blue/>
      <cw dmxchannel="0"/>
      <ww dmxchannel="1"/>
    </rgb>
    <strobe dmxchannel="2">
      <step type="open" mindmx="0" maxdmx="15"/>
      <range type="linear" mindmx="16" maxdmx="255" minval="0" maxval="15"/>
    </strobe>
    <rawranges dmxchannel="3" name="Farb-Makros">
      <step type="Ohne Funktion" mindmx="0" maxdmx="15"/>
      <range type="31 feste Farbmischungen" mindmx="16" maxdmx="255" maxval="31" minval="1"/>
    </rawranges>
    <dimmer dmxchannel="4"/>
  </functions>
</device>
