﻿<?xml version="1.0" encoding="utf-8"?>
<device image="14494564_800.jpg" type="DMXDevice" dmxaddresscount="16" dmxcversion="3.1.0" ddfversion="1.0">
  <information>
    <model>MH-x200</model>
    <vendor>Stairville</vendor>
    <author>GHS Wedel</author>
    <comment>Stairville MH-x200 Pro Spot Moving Head</comment>
    <mode>(16-Channel)</mode>
  </information>
  <functions>
    <position>
      <pan dmxchannel="0" finedmxchannel="2">
        <range range="540" />
      </pan>
      <tilt dmxchannel="1" finedmxchannel="3">
        <range range="270" />
      </tilt>
    </position>
    <ptspeed dmxchannel="4">
      <range type="linear" mindmx="255" maxdmx="1" minval="0" maxval="10" />
    </ptspeed>
    <colorwheel dmxchannel="5">
      <step type="color" val="#ffffff" mindmx="0" maxdmx="7" caption="Weiß" />
      <step type="color" val="#0000ff" mindmx="8" maxdmx="15" caption="Blau" />
      <step type="color" val="#fffc00" mindmx="16" maxdmx="23" caption="Gelb" />
      <step type="color" val="#fc00ff" mindmx="24" maxdmx="31" caption="Pink" />
      <step type="color" val="#00ff00" mindmx="32" maxdmx="39" caption="Grün" />
      <step type="color" val="#ff0000" mindmx="40" maxdmx="47" caption="Rot" />
      <step type="color" val="#00fffc" mindmx="48" maxdmx="55" caption="Hellblau" />
      <step type="color" val="#ff7e00" mindmx="56" maxdmx="63" caption="Orangerot" />
      <step type="color" val="#ffffff" mindmx="64" maxdmx="66" caption="Weiß" />
      <wheelrotation>
        <range type="cw" mindmx="171" maxdmx="212" minval="0" maxval="3" />
        <range type="ccw" mindmx="213" maxdmx="255" minval="0" maxval="3" />
      </wheelrotation>
    </colorwheel>
    <shutter dmxchannel="6">
      <step type="closed" mindmx="0" maxdmx="7" />
      <step type="open" mindmx="8" maxdmx="22" />
      <step type="open" mindmx="86" maxdmx="100" />
      <step type="open" mindmx="166" maxdmx="180" />
      <step type="open" mindmx="246" maxdmx="255" />
    </shutter>
    <strobe dmxchannel="6">
      <step type="linear" mindmx="0" maxdmx="7" minval="0" maxval="0" />
      <range type="linear" mindmx="23" maxdmx="85" minval="0.1" maxval="30" />
      <range type="random" mindmx="181" maxdmx="245" minval="0.1" maxval="30" />
    </strobe>
    <raw dmxchannel="6" name="Dreifach-Stroboskop">
      <range type="linear" mindmx="8" maxdmx="22" minval="0" maxval="0" />
      <range type="linear" mindmx="101" maxdmx="165" minval="0.1" maxval="30" />
    </raw>
    <dimmer dmxchannel="7" />
    <gobowheel dmxchannel="8">
      <goborotation dmxchannel="9">
        <step type="stop" mindmx="0" maxdmx="10" />
        <range type="cw" mindmx="128" maxdmx="191" minval="0.1" maxval="3" />
        <range type="ccw" mindmx="192" maxdmx="255" minval="0.1" maxval="3" />
      </goborotation>
      <goboindex dmxchannel="9">
        <range range="36" mindmx="11" maxdmx="127" minval="0" maxval="360" />
      </goboindex>
      <goboshake />
      <step type="open" mindmx="0" maxdmx="9" caption="Offen (Gobo-Rad 1)" />
      <step type="gobo" mindmx="10" maxdmx="19" val="Gobo 1 MH-x200.gif" caption="Gobo 2 (Gobo-Rad 1)">
        <range handler="goboshake" mindmx="10" maxdmx="19" minval="0" maxval="0" />
        <range handler="goboshake" mindmx="80" maxdmx="99" minval="0.1" maxval="3" />
      </step>
      <step type="gobo" mindmx="20" maxdmx="29" val="Gobo 2 MH-x200.gif" caption="Gobo 3 (Gobo-Rad 1)">
        <range handler="goboshake" mindmx="20" maxdmx="29" minval="0" maxval="0" />
        <range handler="goboshake" mindmx="100" maxdmx="119" minval="0.1" maxval="3" />
      </step>
      <step type="gobo" mindmx="30" maxdmx="39" val="Gobo 3 MH-x200.gif" caption="Gobo 4 (Gobo-Rad 1)">
        <range handler="goboshake" mindmx="30" maxdmx="39" minval="0" maxval="0" />
        <range handler="goboshake" mindmx="120" maxdmx="139" minval="0.1" maxval="3" />
      </step>
      <step type="gobo" mindmx="40" maxdmx="49" val="Gobo 4 MH-x200.gif" caption="Gobo 5 (Gobo-Rad 1)">
        <range handler="goboshake" mindmx="40" maxdmx="49" minval="0" maxval="0" />
        <range handler="goboshake" mindmx="140" maxdmx="159" minval="0.1" maxval="3" />
      </step>
      <step type="gobo" mindmx="50" maxdmx="59" val="Gobo 5 MH-x200.gif" caption="Gobo 6 (Gobo-Rad 1)">
        <range handler="goboshake" mindmx="50" maxdmx="59" minval="0" maxval="0" />
        <range handler="goboshake" mindmx="160" maxdmx="179" minval="0.1" maxval="3" />
      </step>
      <step type="gobo" mindmx="60" maxdmx="69" val="Gobo 6 MH-x200.gif" caption="Gobo 7 (Gobo-Rad 1)">
        <range handler="goboshake" mindmx="60" maxdmx="69" minval="0" maxval="0" />
        <range handler="goboshake" mindmx="180" maxdmx="199" minval="0.1" maxval="3" />
      </step>
      <step type="gobo" mindmx="70" maxdmx="79" val="Gobo 7 MH-x200.gif" caption="Gobo 8 (Gobo-Rad 1)">
        <range handler="goboshake" mindmx="70" maxdmx="79" minval="0" maxval="0" />
        <range handler="goboshake" mindmx="200" maxdmx="219" minval="0.1" maxval="3" />
      </step>
      <wheelrotation>
        <range type="cw" mindmx="220" maxdmx="237" minval="0" maxval="3" />
        <step type="ccw" mindmx="238" maxdmx="255" minval="0" maxval="3" />
      </wheelrotation>
    </gobowheel>
    <gobowheel dmxchannel="10">
      <goboshake />
      <step type="open" mindmx="0" maxdmx="9" caption="Offen (Gobo-Rad 2)" />
      <step type="gobo" mindmx="10" maxdmx="19" val="Gobo 2.1 MH-x200.gif" caption="Gobo 2 (Gobo-Rad 2)">
        <range handler="goboshake" mindmx="10" maxdmx="19" minval="0" maxval="0" />
        <range handler="goboshake" mindmx="92" maxdmx="107" minval="0.1" maxval="3" />
      </step>
      <step type="gobo" mindmx="20" maxdmx="29" val="Gobo 2.2 MH-x200.gif" caption="Gobo 3 (Gobo-Rad 2)">
        <range handler="goboshake" mindmx="20" maxdmx="29" minval="0" maxval="0" />
        <range handler="goboshake" mindmx="108" maxdmx="123" minval="0.1" maxval="3" />
      </step>
      <step type="gobo" mindmx="30" maxdmx="39" val="Gobo 2.3 MH-x200.gif" caption="Gobo 4 (Gobo-Rad 2)">
        <range handler="goboshake" mindmx="30" maxdmx="39" minval="0" maxval="0" />
        <range handler="goboshake" mindmx="124" maxdmx="139" minval="0.1" maxval="3" />
      </step>
      <step type="gobo" mindmx="40" maxdmx="49" val="Gobo 2.4 MH-x200.gif" caption="Gobo 5 (Gobo-Rad 2)">
        <range handler="goboshake" mindmx="40" maxdmx="49" minval="0" maxval="0" />
        <range handler="goboshake" mindmx="140" maxdmx="155" minval="0.1" maxval="3" />
      </step>
      <step type="gobo" mindmx="50" maxdmx="59" val="Gobo 2.5 MH-x200.gif" caption="Gobo 6 (Gobo-Rad 2)">
        <range handler="goboshake" mindmx="50" maxdmx="59" minval="0" maxval="0" />
        <range handler="goboshake" mindmx="156" maxdmx="171" minval="0.1" maxval="3" />
      </step>
      <step type="gobo" mindmx="60" maxdmx="69" val="Gobo 2.6 MH-x200.gif" caption="Gobo 7 (Gobo-Rad 2)">
        <range handler="goboshake" mindmx="10" maxdmx="19" minval="0" maxval="0" />
        <range handler="goboshake" mindmx="172" maxdmx="187" minval="0.1" maxval="3" />
      </step>
      <step type="gobo" mindmx="70" maxdmx="79" val="Gobo 2.7 MH-x200.gif" caption="Gobo 8 (Gobo-Rad 2)">
        <range handler="goboshake" mindmx="10" maxdmx="19" minval="0" maxval="0" />
        <range handler="goboshake" mindmx="188" maxdmx="203" minval="0.1" maxval="3" />
      </step>
      <step type="gobo" mindmx="80" maxdmx="89" val="Gobo 2.8 MH-x200.gif" caption="Gobo 9 (Gobo-Rad 2)">
        <range handler="goboshake" mindmx="10" maxdmx="19" minval="0" maxval="0" />
        <range handler="goboshake" mindmx="204" maxdmx="219" minval="0.1" maxval="3" />
      </step>
      <step type="open" mindmx="90" maxdmx="91" caption="Offen (Gobo-Rad 2)" />
      <wheelrotation>
        <range type="cw" mindmx="220" maxdmx="237" minval="0" maxval="3" />
        <range type="ccw" mindmx="238" maxdmx="255" minval="0" maxval="3" />
      </wheelrotation>
    </gobowheel>
    <focus dmxchannel="11">
      <range type="linear" mindmx="0" maxdmx="255" minval="0" maxval="100" />
    </focus>
    <iris dmxchannel="12">
      <range type="linear" mindmx="0" maxdmx="63" minval="0" maxval="100" />
    </iris>
    <raw dmxchannel="12" name="Blende Effekte">
      <range type="linear" mindmx="64" maxdmx="127" minval="0" maxval="33" />
      <range type="linear" mindmx="128" maxdmx="191" minval="33.1" maxval="66" />
      <range type="linear" mindmx="192" maxdmx="255" minval="66.1" maxval="100" />
    </raw>
    <prism dmxchannel="13">
      <prismrotation dmxchannel="13">
        <range type="cw" mindmx="16" maxdmx="127" minval="0.1" maxval="3" />
        <range type="ccw" mindmx="128" maxdmx="239" minval="0.1" maxval="3" />
        <step type="stop" mindmx="8" maxdmx="15" minval="0" maxval="0" />
      </prismrotation>
      <step type="open" mindmx="0" maxdmx="7" minval="0" maxval="7" caption="Weiß" />
      <step type="prism" mindmx="8" maxdmx="15" minval="8" maxval="15" caption="Statisches Prisma" />
      <step type="prism" mindmx="240" maxdmx="255" minval="240" maxval="255" caption="Statisches Prisma" />
    </prism>
    <rawstep dmxchannel="14" name="Kanalabhängige Funktionen">
      <step caption="Frei" mindmx="0" maxdmx="9" />
      <step caption="Blackout während der Drehung und Neigung" mindmx="10" maxdmx="14" />
      <step caption="Blackout während der Bewegung des Farbrads" mindmx="15" maxdmx="19" />
      <step caption="Blackout während der Bewegung des Farbrads und während der Drehung und Neigung" mindmx="20" maxdmx="24" />
      <step caption="Blackout während der Bewegung der Gobo-Räder" mindmx="25" maxdmx="29" />
      <step caption="Blackout während der Bewegung der Gobo-Räder und während der Drehung und Neigung" mindmx="30" maxdmx="34" />
      <step caption="Blackout während der Bewegung des Farbrads und der Gobo-Räder" mindmx="35" maxdmx="39" />
      <step caption="Blackout während der Bewegung des Farbrads. der Gobo-Räder und während der Drehung und Neigung" mindmx="40" maxdmx="44" />
      <step caption="Drehung zurücksetzen" mindmx="45" maxdmx="49" />
      <step caption="Neigung zurücksetzen" mindmx="50" maxdmx="54" />
      <step caption="Farbrad zurücksetzen" mindmx="55" maxdmx="59" />
      <step caption="Blende zurücksetzen" mindmx="60" maxdmx="64" />
      <step caption="Gobo 1 zurücksetzen" mindmx="65" maxdmx="69" />
      <step caption="Gobo-Rotation zurücksetzen" mindmx="70" maxdmx="74" />
      <step caption="Gobo 2 zurücksetzen" mindmx="75" maxdmx="79" />
      <step caption="Frei" mindmx="80" maxdmx="84" />
      <step caption="Prisma zurücksetzen " mindmx="85" maxdmx="89" />
      <step caption="Kanäle zurücksetzen" mindmx="90" maxdmx="99" />
      <step caption="Zufällige Programmabfolge" mindmx="130" maxdmx="192" />
      <step caption="Musiksteuerung" mindmx="193" maxdmx="255" />
    </rawstep>
    <effectwheel dmxchannel="15">
      <step type="open" mindmx="0" maxdmx="9" caption="Frei" />
      <step type="effect" mindmx="10" maxdmx="19" caption="Effekt 1" />
      <step type="effect" mindmx="20" maxdmx="29" caption="Effekt 2" />
      <step type="effect" mindmx="30" maxdmx="39" caption="Effekt 3" />
      <step type="effect" mindmx="40" maxdmx="49" caption="Effekt 4" />
      <step type="effect" mindmx="50" maxdmx="59" caption="Effekt 5" />
      <step type="effect" mindmx="60" maxdmx="69" caption="Effekt 6" />
      <step type="effect" mindmx="70" maxdmx="79" caption="Effekt 7" />
      <step type="effect" mindmx="80" maxdmx="89" caption="Effekt 8" />
      <step type="effect" mindmx="90" maxdmx="99" caption="Effekt 9" />
      <step type="effect" mindmx="100" maxdmx="109" caption="Effekt 10" />
      <step type="effect" mindmx="110" maxdmx="119" caption="Effekt 11" />
      <step type="effect" mindmx="120" maxdmx="129" caption="Effekt 12" />
      <step type="effect" mindmx="130" maxdmx="139" caption="Effekt 13" />
      <step type="effect" mindmx="140" maxdmx="149" caption="Effekt 14" />
      <step type="effect" mindmx="150" maxdmx="159" caption="Effekt 15" />
      <step type="effect" mindmx="160" maxdmx="169" caption="Effekt 16" />
      <step type="effect" mindmx="170" maxdmx="179" caption="Effekt 17 " />
      <step type="effect" mindmx="180" maxdmx="189" caption="Effekt 18" />
      <step type="effect" mindmx="190" maxdmx="199" caption="Effekt 19" />
      <step type="effect" mindmx="200" maxdmx="209" caption="Effekt 20" />
      <step type="effect" mindmx="210" maxdmx="219" caption="Effekt 21" />
      <step type="effect" mindmx="220" maxdmx="229" caption="Effekt 22" />
      <step type="effect" mindmx="230" maxdmx="239" caption="Effekt 23" />
      <step type="effect" mindmx="240" maxdmx="249" caption="Effekt 24" />
      <step type="effect" mindmx="250" maxdmx="255" caption="Effekt 25" />
    </effectwheel>
  </functions>
  <procedures />
</device>