﻿<?xml version="1.0" encoding="utf-8"?>
<device type="DMXDevice" dmxaddresscount="7" dmxcversion="3.1.0" ddfversion="1.0">
  <information>
    <ddf-library-id>1060</ddf-library-id>
    <model>LED PAR 56 PAR 64 10mm</model>
    <vendor>Stairville</vendor>
    <author>GHS Wedel</author>
  </information>
  <functions>
    <rgb>
      <red dmxchannel="0" />
      <green dmxchannel="1" />
      <blue dmxchannel="2" />
    </rgb>
    <effectwheel dmxchannel="3">
      <step type="open" mindmx="0" maxdmx="8" caption="Macro off" />
      <step type="macro" mindmx="8" maxdmx="255" caption="Macro 31 macro steps" />
    </effectwheel>
    <strobe dmxchannel="4">
      <step type="open" mindmx="0" maxdmx="15" minval="0" maxval="0" />
      <range type="linear" mindmx="16" maxdmx="255" minval="1" maxval="50" />
    </strobe>
    <effectwheel dmxchannel="5">
      <step type="open" mindmx="0" maxdmx="31" caption="Colour Setting" />
      <step type="fade" mindmx="32" maxdmx="63" caption="Fade Out" />
      <step type="fade" mindmx="64" maxdmx="95" caption="Fade In" />
      <step type="random" mindmx="96" maxdmx="127" caption="Fade In/Out" />
      <step type="effect" mindmx="128" maxdmx="159" caption="Auto Mix" />
      <step type="effect" mindmx="160" maxdmx="191" caption="3 colour chases" />
      <step type="effect" mindmx="192" maxdmx="223" caption="7 colour chases" />
      <step type="effect" mindmx="224" maxdmx="255" caption="Sound-to-Light" />
    </effectwheel>
    <dimmer dmxchannel="6">
      <range type="linear" mindmx="0" maxdmx="255" minval="0" maxval="100" />
    </dimmer>
  </functions>
  <procedures />
</device>