﻿<?xml version="1.0" encoding="utf-8"?>
<device image="sf1500_1.jpg" type="DMXDevice" dmxaddresscount="4" DefaultDisplayStyle="CUSTOM" dmxcversion="3.1.0" ddfversion="1.0">
  <information>
    <model>SF-1500</model>
    <vendor>Stairville</vendor>
    <author>GHS Wedel</author>
  </information>
  <functions>
    <rawstep dmxchannel="0" name="Mode">
      <step caption="Off" mindmx="0" maxdmx="13" />
      <step caption="Continuous" mindmx="14" maxdmx="127" />
      <step caption="Time-controlled Mode (Timer-Function)" mindmx="128" maxdmx="231" />
      <step caption="Continous with max Shock Volume" mindmx="232" maxdmx="255" />
    </rawstep>
    <raw dmxchannel="1" name="Shock Volume">
      <range type="linear" mindmx="0" maxdmx="255" minval="0" maxval="100" />
    </raw>
    <rawstep dmxchannel="2" name="Duration of Fog Shock">
      <step caption="1 s" mindmx="0" maxdmx="4" />
      <step caption="13 s" mindmx="5" maxdmx="29" />
      <step caption="33 s" mindmx="30" maxdmx="54" />
      <step caption="53 s" mindmx="55" maxdmx="79" />
      <step caption="73 s" mindmx="80" maxdmx="104" />
      <step caption="92 s" mindmx="105" maxdmx="129" />
      <step caption="112 s" mindmx="130" maxdmx="154" />
      <step caption="131 s" mindmx="155" maxdmx="179" />
      <step caption="151 s" mindmx="180" maxdmx="204" />
      <step caption="170 s" mindmx="205" maxdmx="229" />
      <step caption="190 s" mindmx="230" maxdmx="254" />
      <step caption="200 s" mindmx="255" maxdmx="255" />
    </rawstep>
    <rawstep dmxchannel="3" name="Delay of Fog Shock">
      <step caption="1 s" mindmx="0" maxdmx="4" />
      <step caption="13 s" mindmx="5" maxdmx="29" />
      <step caption="33 s" mindmx="30" maxdmx="54" />
      <step caption="53 s" mindmx="55" maxdmx="79" />
      <step caption="73 s" mindmx="80" maxdmx="104" />
      <step caption="92 s" mindmx="105" maxdmx="129" />
      <step caption="112 s" mindmx="130" maxdmx="154" />
      <step caption="131 s" mindmx="155" maxdmx="179" />
      <step caption="151 s" mindmx="180" maxdmx="204" />
      <step caption="170 s" mindmx="" maxdmx="" />
    </rawstep>
  </functions>
  <procedures />
</device>