﻿<?xml version="1.0" encoding="utf-8"?>
<device image="13685096_800.jpg" type="DMXDevice" dmxaddresscount="14" dmxcversion="3.1.0" ddfversion="1.0">
  <information>
    <ddf-library-id>1062</ddf-library-id>
    <model>MH-110 Wash 7x10 LED</model>
    <vendor>Stairville</vendor>
    <author>GHS Wedel</author>
    <comment>14 Channel</comment>
    <mode>A-CH (14-Channel)</mode>
  </information>
  <functions>
    <position>
      <pan dmxchannel="0" finedmxchannel="1">
        <range range="630" />
      </pan>
      <tilt dmxchannel="2" finedmxchannel="3">
        <range range="220" />
      </tilt>
    </position>
    <ptspeed dmxchannel="4">
      <range type="linear" mindmx="255" maxdmx="1" minval="0" maxval="10" />
    </ptspeed>
    <dimmer dmxchannel="5">
      <range type="linear" mindmx="0" maxdmx="255" minval="0" maxval="100" />
    </dimmer>
    <shutter dmxchannel="6">
      <step type="closed" mindmx="0" maxdmx="3" />
      <step type="open" mindmx="4" maxdmx="7" />
      <step type="open" mindmx="216" maxdmx="255" />
    </shutter>
    <rgb>
      <red dmxchannel="6" />
      <green dmxchannel="7" />
      <blue dmxchannel="8" />
    </rgb>
    <raw dmxchannel="9" name="White">
      <range type="linear" mindmx="0" maxdmx="255" minval="0" maxval="100" />
    </raw>
    <colortemp dmxchannel="10">
      <range mindmx="36" maxdmx="55" minval="3200" maxval="3200" />
      <range mindmx="56" maxdmx="75" minval="3400" maxval="3400" />
      <range mindmx="76" maxdmx="95" minval="4200" maxval="4200" />
      <range mindmx="96" maxdmx="115" minval="4900" maxval="4900" />
      <range mindmx="116" maxdmx="135" minval="5600" maxval="5600" />
      <range mindmx="136" maxdmx="175" minval="6500" maxval="6500" />
      <range mindmx="176" maxdmx="195" minval="7200" maxval="7200" />
      <range mindmx="196" maxdmx="215" minval="8000" maxval="8000" />
      <range mindmx="216" maxdmx="235" minval="8500" maxval="8500" />
      <range mindmx="236" maxdmx="255" minval="10000" maxval="10000" />
    </colortemp>
    <rawstep dmxchannel="10" name="ColTemp">
      <step caption="Color RGB" mindmx="0" maxdmx="35" />
      <step caption="Color Temp" mindmx="36" maxdmx="255" />
    </rawstep>
    <rawstep dmxchannel="11" name="Constant Colour">
      <step caption="Blackout. all LEDs off" mindmx="0" maxdmx="14" />
      <step caption="One of 28 preprogrammed colours" mindmx="15" maxdmx="255" />
    </rawstep>
    <strobe dmxchannel="12">
      <step type="linear" mindmx="0" maxdmx="9" minval="0" maxval="0" />
      <range type="linear" mindmx="10" maxdmx="140" minval="0.1" maxval="30" />
      <range type="random" mindmx="141" maxdmx="255" minval="31" maxval="50" />
    </strobe>
    <rawstep dmxchannel="13" name="Special functions">
      <step caption="Without function" mindmx="0" maxdmx="99" />
      <step caption="Automatic sound controlled show" mindmx="100" maxdmx="199" />
      <step caption="Reset. if the value transmitted for at least five seconds" mindmx="200" maxdmx="255" />
    </rawstep>
  </functions>
  <procedures>
    <reset>
      <set dmxchannel="10" value="152" />
      <hold value="1000" />
      <restore dmxchannel="10" />
    </reset>
  </procedures>
</device>