<ManagedTreeData Version="1">
  <TreeItem Name="Banks">
    <TreeItem Name="Bank">
      <Attribute Name="ID" Type="Primitive" ValueType="String" Value="24cc0039-95f1-427b-ab56-3cbc34401422" />
      <Attribute Name="Active" Type="Primitive" ValueType="Boolean" Value="True" />
      <Attribute Name="Name" Type="Primitive" ValueType="String" Value="DMXInController" />
      <Attribute Name="Number" Type="Primitive" ValueType="UInt32" Value="1" />
      <Attribute Name="Graph_0" Type="Primitive" ValueType="String" Value="b8524118-6c99-4769-b9a3-20a828601bff" />
      <Attribute Name="Graph_1" Type="Primitive" ValueType="String" Value="4ce504a8-771f-4eb9-84d6-e41cfa8d20a9" />
      <Attribute Name="Graph_2" Type="Primitive" ValueType="String" Value="e29efe8e-00b3-413e-9807-4c1103f21ac7" />
      <Attribute Name="Graph_3" Type="Primitive" ValueType="String" Value="aed3206c-4344-49fd-b0d5-b85babfad713" />
      <Attribute Name="ZZ_SAVE_INDEX" Type="Primitive" ValueType="Int32" Value="0" />
    </TreeItem>
    <TreeItem Name="Bank">
      <Attribute Name="ID" Type="Primitive" ValueType="String" Value="3eb21d10-1ef1-44df-996a-cf38b0fa95fb" />
      <Attribute Name="Active" Type="Primitive" ValueType="Boolean" Value="True" />
      <Attribute Name="Name" Type="Primitive" ValueType="String" Value="KeyboardIn" />
      <Attribute Name="Number" Type="Primitive" ValueType="UInt32" Value="2" />
      <Attribute Name="Graph_0" Type="Primitive" ValueType="String" Value="93187130-121a-427e-a7de-1e5caf833917" />
      <Attribute Name="Graph_1" Type="Primitive" ValueType="String" Value="ef166eb0-86ef-4047-b2b9-603386f01352" />
      <Attribute Name="Graph_2" Type="Primitive" ValueType="String" Value="af6bd1f5-1842-4b18-a673-2f7ad18cc692" />
      <Attribute Name="ZZ_SAVE_INDEX" Type="Primitive" ValueType="Int32" Value="1" />
    </TreeItem>
    <TreeItem Name="Bank">
      <Attribute Name="ID" Type="Primitive" ValueType="String" Value="fafd4e15-afbb-40cc-99e5-a8b37dd90579" />
      <Attribute Name="Active" Type="Primitive" ValueType="Boolean" Value="True" />
      <Attribute Name="Name" Type="Primitive" ValueType="String" Value="Stream Deck" />
      <Attribute Name="Number" Type="Primitive" ValueType="UInt32" Value="3" />
      <Attribute Name="Graph_0" Type="Primitive" ValueType="String" Value="f5927bf3-12ac-432b-89cf-dc7a4b32a30e" />
      <Attribute Name="ZZ_SAVE_INDEX" Type="Primitive" ValueType="Int32" Value="2" />
    </TreeItem>
  </TreeItem>
</ManagedTreeData>