<ManagedTreeData Version="1">
  <TreeItem Name="ItemLists">
    <TreeItem Name="Colorlist">
      <Attribute Name="ID" Type="Primitive" ValueType="String" Value="6fdd64a3-ce6f-4d40-95c3-bd15c1912044" />
      <Attribute Name="Name" Type="Primitive" ValueType="String" Value="Default Colorlist" />
      <Attribute Name="IsDefault" Type="Primitive" ValueType="Boolean" Value="True" />
      <Attribute Name="ZZ_SAVE_INDEX" Type="Primitive" ValueType="Int32" Value="0" />
      <TreeItem Name="ListColor">
        <Attribute Name="Color" Type="IResourceSerializer" SerializerName="LumosTypeSerializer">
          <TreeItem Name="SerializedColor">
            <Attribute Name="Value" Type="Primitive" ValueType="Int32" Value="-65536" />
          </TreeItem>
        </Attribute>
        <Attribute Name="Caption" Type="Primitive" ValueType="String" Value="Red" />
      </TreeItem>
      <TreeItem Name="ListColor">
        <Attribute Name="Color" Type="IResourceSerializer" SerializerName="LumosTypeSerializer">
          <TreeItem Name="SerializedColor">
            <Attribute Name="Value" Type="Primitive" ValueType="Int32" Value="-16744448" />
          </TreeItem>
        </Attribute>
        <Attribute Name="Caption" Type="Primitive" ValueType="String" Value="Green" />
      </TreeItem>
      <TreeItem Name="ListColor">
        <Attribute Name="Color" Type="IResourceSerializer" SerializerName="LumosTypeSerializer">
          <TreeItem Name="SerializedColor">
            <Attribute Name="Value" Type="Primitive" ValueType="Int32" Value="-16776961" />
          </TreeItem>
        </Attribute>
        <Attribute Name="Caption" Type="Primitive" ValueType="String" Value="Blue" />
      </TreeItem>
      <TreeItem Name="ListColor">
        <Attribute Name="Color" Type="IResourceSerializer" SerializerName="LumosTypeSerializer">
          <TreeItem Name="SerializedColor">
            <Attribute Name="Value" Type="Primitive" ValueType="Int32" Value="-256" />
          </TreeItem>
        </Attribute>
        <Attribute Name="Caption" Type="Primitive" ValueType="String" Value="Yellow" />
      </TreeItem>
    </TreeItem>
    <TreeItem Name="Gobolist">
      <Attribute Name="ID" Type="Primitive" ValueType="String" Value="bbaf4568-a977-4529-9118-b552251d268e" />
      <Attribute Name="Name" Type="Primitive" ValueType="String" Value="Default Gobolist" />
      <Attribute Name="IsDefault" Type="Primitive" ValueType="Boolean" Value="True" />
      <Attribute Name="ZZ_SAVE_INDEX" Type="Primitive" ValueType="Int32" Value="1" />
      <TreeItem Name="ListItem">
        <Attribute Name="ID" Type="Primitive" ValueType="String" Value="ICON-001005.png" />
      </TreeItem>
      <TreeItem Name="ListItem">
        <Attribute Name="ID" Type="Primitive" ValueType="String" Value="ICON-000608.png" />
      </TreeItem>
      <TreeItem Name="ListItem">
        <Attribute Name="ID" Type="Primitive" ValueType="String" Value="ICON-000801.png" />
      </TreeItem>
      <TreeItem Name="ListItem">
        <Attribute Name="ID" Type="Primitive" ValueType="String" Value="ICON-000797.png" />
      </TreeItem>
    </TreeItem>
  </TreeItem>
</ManagedTreeData>