<ManagedTreeData Version="1">
  <TreeItem Name="ProjectDefaultConfigurations">
    <TreeItem Name="ProjectDefaultConfiguration">
      <Attribute Name="ID" Type="Primitive" ValueType="String" Value="483971a2-4d3f-4072-854e-770513aa9e7d" />
      <Attribute Name="ParameterableType" Type="IResourceSerializer" SerializerName="LumosTypeSerializer">
        <TreeItem Name="SerializedType">
          <Attribute Name="Value" Type="Primitive" ValueType="String" Value="org.dmxc.lumos.Kernel.Executor.ExecutorConfiguration, Lumos, Version=3.2.3.0, Culture=neutral, PublicKeyToken=null" />
        </TreeItem>
      </Attribute>
      <Attribute Name="ZZ_SAVE_INDEX" Type="Primitive" ValueType="Int32" Value="0" />
      <TreeItem Name="Parameter">
        <Attribute Name="Name" Type="Primitive" ValueType="String" Value="Name" />
        <Attribute Name="Value" Type="Primitive" ValueType="String" Value="New Executor" />
      </TreeItem>
      <TreeItem Name="Parameter">
        <Attribute Name="Name" Type="Primitive" ValueType="String" Value="FaderMode" />
        <Attribute Name="ValueID" Type="Primitive" ValueType="String" Value="Intensity" />
      </TreeItem>
      <TreeItem Name="Parameter">
        <Attribute Name="Name" Type="Primitive" ValueType="String" Value="Options#ToggleFlash" />
        <Attribute Name="Value" Type="Primitive" ValueType="Boolean" Value="False" />
      </TreeItem>
      <TreeItem Name="Parameter">
        <Attribute Name="Name" Type="Primitive" ValueType="String" Value="Options#ShowProgrammerFilter" />
        <Attribute Name="Value" Type="Primitive" ValueType="Boolean" Value="True" />
      </TreeItem>
      <TreeItem Name="Parameter">
        <Attribute Name="Name" Type="Primitive" ValueType="String" Value="Options#AutoGO" />
        <Attribute Name="Value" Type="Primitive" ValueType="Boolean" Value="False" />
      </TreeItem>
      <TreeItem Name="Parameter">
        <Attribute Name="Name" Type="Primitive" ValueType="String" Value="Options#AutoStop" />
        <Attribute Name="Value" Type="Primitive" ValueType="Boolean" Value="False" />
      </TreeItem>
      <TreeItem Name="Parameter">
        <Attribute Name="Name" Type="Primitive" ValueType="String" Value="SwopProtect" />
        <Attribute Name="Value" Type="Primitive" ValueType="Boolean" Value="False" />
      </TreeItem>
    </TreeItem>
    <TreeItem Name="ProjectDefaultConfiguration">
      <Attribute Name="ID" Type="Primitive" ValueType="String" Value="99247216-af55-4b98-97ad-750d09ba80dd" />
      <Attribute Name="ParameterableType" Type="IResourceSerializer" SerializerName="LumosTypeSerializer">
        <TreeItem Name="SerializedType">
          <Attribute Name="Value" Type="Primitive" ValueType="String" Value="org.dmxc.lumos.Kernel.Executor.ExecutorPageConfiguration, Lumos, Version=3.2.3.0, Culture=neutral, PublicKeyToken=null" />
        </TreeItem>
      </Attribute>
      <Attribute Name="ZZ_SAVE_INDEX" Type="Primitive" ValueType="Int32" Value="1" />
      <TreeItem Name="Parameter">
        <Attribute Name="Name" Type="Primitive" ValueType="String" Value="Name" />
        <Attribute Name="Value" Type="Primitive" ValueType="String" Value="New Executor Page" />
      </TreeItem>
      <TreeItem Name="Parameter">
        <Attribute Name="Name" Type="Primitive" ValueType="String" Value="ColCount" />
        <Attribute Name="Value" Type="Primitive" ValueType="Int32" Value="8" />
      </TreeItem>
    </TreeItem>
    <TreeItem Name="ProjectDefaultConfiguration">
      <Attribute Name="ID" Type="Primitive" ValueType="String" Value="f215c191-de26-47a2-bc9c-4c671bfcd1b7" />
      <Attribute Name="ParameterableType" Type="IResourceSerializer" SerializerName="LumosTypeSerializer">
        <TreeItem Name="SerializedType">
          <Attribute Name="Value" Type="Primitive" ValueType="String" Value="org.dmxc.lumos.Kernel.SceneList.SceneListConfiguration, Lumos, Version=3.2.3.0, Culture=neutral, PublicKeyToken=null" />
        </TreeItem>
      </Attribute>
      <Attribute Name="DefaultDelayTime" Type="IResourceSerializer" SerializerName="FannedValueManager">
        <TreeItem Name="SerializedIFannedValue">
          <Attribute Name="Operator" Type="Primitive" ValueType="String" Value="" />
          <Attribute Name="Direct" Type="Primitive" ValueType="Boolean" Value="True" />
          <TreeItem Name="Value">
            <Attribute Name="Value" Type="Primitive" ValueType="Double" Value="0" />
          </TreeItem>
        </TreeItem>
      </Attribute>
      <Attribute Name="DefaultFadeTime" Type="IResourceSerializer" SerializerName="FannedValueManager">
        <TreeItem Name="SerializedIFannedValue">
          <Attribute Name="Operator" Type="Primitive" ValueType="String" Value="" />
          <Attribute Name="Direct" Type="Primitive" ValueType="Boolean" Value="True" />
          <TreeItem Name="Value">
            <Attribute Name="Value" Type="Primitive" ValueType="Double" Value="2000" />
          </TreeItem>
        </TreeItem>
      </Attribute>
      <Attribute Name="GoBackTime" Type="IResourceSerializer" SerializerName="FannedValueManager">
        <TreeItem Name="SerializedIFannedValue">
          <Attribute Name="Operator" Type="Primitive" ValueType="String" Value="" />
          <Attribute Name="Direct" Type="Primitive" ValueType="Boolean" Value="True" />
          <TreeItem Name="Value">
            <Attribute Name="Value" Type="Primitive" ValueType="Double" Value="5000" />
          </TreeItem>
        </TreeItem>
      </Attribute>
      <Attribute Name="GoToTime" Type="IResourceSerializer" SerializerName="FannedValueManager">
        <TreeItem Name="SerializedIFannedValue">
          <Attribute Name="Operator" Type="Primitive" ValueType="String" Value="" />
          <Attribute Name="Direct" Type="Primitive" ValueType="Boolean" Value="True" />
          <TreeItem Name="Value">
            <Attribute Name="Value" Type="Primitive" ValueType="Double" Value="5000" />
          </TreeItem>
        </TreeItem>
      </Attribute>
      <Attribute Name="ReleaseTime" Type="IResourceSerializer" SerializerName="FannedValueManager">
        <TreeItem Name="SerializedIFannedValue">
          <Attribute Name="Operator" Type="Primitive" ValueType="String" Value="" />
          <Attribute Name="Direct" Type="Primitive" ValueType="Boolean" Value="True" />
          <TreeItem Name="Value">
            <Attribute Name="Value" Type="Primitive" ValueType="Double" Value="0" />
          </TreeItem>
        </TreeItem>
      </Attribute>
      <Attribute Name="BeatSource" Type="Primitive" ValueType="String" Value="SpeedMaster 1" />
      <Attribute Name="ZZ_SAVE_INDEX" Type="Primitive" ValueType="Int32" Value="2" />
      <TreeItem Name="Parameter">
        <Attribute Name="Name" Type="Primitive" ValueType="String" Value="Priority" />
        <Attribute Name="Value" Type="Primitive" ValueType="SByte" Value="0" />
      </TreeItem>
      <TreeItem Name="Parameter">
        <Attribute Name="Name" Type="Primitive" ValueType="String" Value="SourceForLTPPriority" />
        <Attribute Name="ValueID" Type="Primitive" ValueType="String" Value="SourceForLTPPriority#ListStart" />
      </TreeItem>
      <TreeItem Name="Parameter">
        <Attribute Name="Name" Type="Primitive" ValueType="String" Value="MixerMode" />
        <Attribute Name="ValueID" Type="Primitive" ValueType="String" Value="MixerModeLTP" />
      </TreeItem>
      <TreeItem Name="Parameter">
        <Attribute Name="Name" Type="Primitive" ValueType="String" Value="ReleaseMode" />
        <Attribute Name="ValueID" Type="Primitive" ValueType="String" Value="ManualOnly" />
      </TreeItem>
      <TreeItem Name="Parameter">
        <Attribute Name="Name" Type="Primitive" ValueType="String" Value="PlayMode" />
        <Attribute Name="ValueID" Type="Primitive" ValueType="String" Value="Once" />
      </TreeItem>
      <TreeItem Name="Parameter">
        <Attribute Name="Name" Type="Primitive" ValueType="String" Value="Options#ResetWhenReleased" />
        <Attribute Name="Value" Type="Primitive" ValueType="Boolean" Value="True" />
      </TreeItem>
      <TreeItem Name="Parameter">
        <Attribute Name="Name" Type="Primitive" ValueType="String" Value="Options#Tracking" />
        <Attribute Name="Value" Type="Primitive" ValueType="Boolean" Value="True" />
      </TreeItem>
      <TreeItem Name="Parameter">
        <Attribute Name="Name" Type="Primitive" ValueType="String" Value="Options#ShowProgrammerFilter" />
        <Attribute Name="Value" Type="Primitive" ValueType="Boolean" Value="True" />
      </TreeItem>
      <TreeItem Name="Parameter">
        <Attribute Name="Name" Type="Primitive" ValueType="String" Value="Options#UseCueTimeAsBackTime" />
        <Attribute Name="Value" Type="Primitive" ValueType="Boolean" Value="False" />
      </TreeItem>
      <TreeItem Name="Parameter">
        <Attribute Name="Name" Type="Primitive" ValueType="String" Value="Options#UseCueTimeAsGoToTime" />
        <Attribute Name="Value" Type="Primitive" ValueType="Boolean" Value="False" />
      </TreeItem>
      <TreeItem Name="Parameter">
        <Attribute Name="Name" Type="Primitive" ValueType="String" Value="Options#Autoprepare" />
        <Attribute Name="Value" Type="Primitive" ValueType="Boolean" Value="False" />
      </TreeItem>
      <TreeItem Name="Parameter">
        <Attribute Name="Name" Type="Primitive" ValueType="String" Value="Options#Skip1StTriggerOnPlay" />
        <Attribute Name="Value" Type="Primitive" ValueType="Boolean" Value="False" />
      </TreeItem>
      <TreeItem Name="Parameter">
        <Attribute Name="Name" Type="Primitive" ValueType="String" Value="GoNextBehavior#StartList" />
        <Attribute Name="Value" Type="Primitive" ValueType="Boolean" Value="True" />
      </TreeItem>
      <TreeItem Name="Parameter">
        <Attribute Name="Name" Type="Primitive" ValueType="String" Value="GoNextBehavior#AlwaysNextIndex" />
        <Attribute Name="Value" Type="Primitive" ValueType="Boolean" Value="False" />
      </TreeItem>
      <TreeItem Name="Parameter">
        <Attribute Name="Name" Type="Primitive" ValueType="String" Value="ColumnsVisible#Progress" />
        <Attribute Name="Value" Type="Primitive" ValueType="Boolean" Value="True" />
      </TreeItem>
      <TreeItem Name="Parameter">
        <Attribute Name="Name" Type="Primitive" ValueType="String" Value="ColumnsVisible#Number" />
        <Attribute Name="Value" Type="Primitive" ValueType="Boolean" Value="True" />
      </TreeItem>
      <TreeItem Name="Parameter">
        <Attribute Name="Name" Type="Primitive" ValueType="String" Value="ColumnsVisible#Trigger" />
        <Attribute Name="Value" Type="Primitive" ValueType="Boolean" Value="True" />
      </TreeItem>
      <TreeItem Name="Parameter">
        <Attribute Name="Name" Type="Primitive" ValueType="String" Value="ColumnsVisible#TriggerValue" />
        <Attribute Name="Value" Type="Primitive" ValueType="Boolean" Value="True" />
      </TreeItem>
      <TreeItem Name="Parameter">
        <Attribute Name="Name" Type="Primitive" ValueType="String" Value="ColumnsVisible#Name" />
        <Attribute Name="Value" Type="Primitive" ValueType="Boolean" Value="True" />
      </TreeItem>
      <TreeItem Name="Parameter">
        <Attribute Name="Name" Type="Primitive" ValueType="String" Value="ColumnsVisible#Fade" />
        <Attribute Name="Value" Type="Primitive" ValueType="Boolean" Value="True" />
      </TreeItem>
      <TreeItem Name="Parameter">
        <Attribute Name="Name" Type="Primitive" ValueType="String" Value="ColumnsVisible#Delay" />
        <Attribute Name="Value" Type="Primitive" ValueType="Boolean" Value="True" />
      </TreeItem>
      <TreeItem Name="Parameter">
        <Attribute Name="Name" Type="Primitive" ValueType="String" Value="ColumnsVisible#Active" />
        <Attribute Name="Value" Type="Primitive" ValueType="Boolean" Value="True" />
      </TreeItem>
      <TreeItem Name="Parameter">
        <Attribute Name="Name" Type="Primitive" ValueType="String" Value="ColumnsVisible#Autoprepare" />
        <Attribute Name="Value" Type="Primitive" ValueType="Boolean" Value="True" />
      </TreeItem>
      <TreeItem Name="Parameter">
        <Attribute Name="Name" Type="Primitive" ValueType="String" Value="ColumnsVisible#Comment" />
        <Attribute Name="Value" Type="Primitive" ValueType="Boolean" Value="True" />
      </TreeItem>
      <TreeItem Name="Parameter">
        <Attribute Name="Name" Type="Primitive" ValueType="String" Value="ColumnsVisible#FadeDown" />
        <Attribute Name="Value" Type="Primitive" ValueType="Boolean" Value="False" />
      </TreeItem>
      <TreeItem Name="Parameter">
        <Attribute Name="Name" Type="Primitive" ValueType="String" Value="ColumnsVisible#DelayDown" />
        <Attribute Name="Value" Type="Primitive" ValueType="Boolean" Value="False" />
      </TreeItem>
      <TreeItem Name="Parameter">
        <Attribute Name="Name" Type="Primitive" ValueType="String" Value="ColumnsVisible#TakeFades" />
        <Attribute Name="Value" Type="Primitive" ValueType="Boolean" Value="True" />
      </TreeItem>
      <TreeItem Name="Parameter">
        <Attribute Name="Name" Type="Primitive" ValueType="String" Value="DefaultActiveSource" />
        <Attribute Name="ValueID" Type="Primitive" ValueType="String" Value="SetInDefaults" />
      </TreeItem>
      <TreeItem Name="Parameter">
        <Attribute Name="Name" Type="Primitive" ValueType="String" Value="DefaultActive" />
        <Attribute Name="Value" Type="Primitive" ValueType="Boolean" Value="True" />
      </TreeItem>
      <TreeItem Name="Parameter">
        <Attribute Name="Name" Type="Primitive" ValueType="String" Value="DefaultAutoPrepareSource" />
        <Attribute Name="ValueID" Type="Primitive" ValueType="String" Value="SetInDefaults" />
      </TreeItem>
      <TreeItem Name="Parameter">
        <Attribute Name="Name" Type="Primitive" ValueType="String" Value="DefaultAutoPrepare" />
        <Attribute Name="Value" Type="Primitive" ValueType="Boolean" Value="True" />
      </TreeItem>
      <TreeItem Name="Parameter">
        <Attribute Name="Name" Type="Primitive" ValueType="String" Value="DefaultCommentSource" />
        <Attribute Name="ValueID" Type="Primitive" ValueType="String" Value="SetInDefaults" />
      </TreeItem>
      <TreeItem Name="Parameter">
        <Attribute Name="Name" Type="Primitive" ValueType="String" Value="DefaultComment" />
        <Attribute Name="Value" Type="Primitive" ValueType="String" Value="" />
      </TreeItem>
      <TreeItem Name="Parameter">
        <Attribute Name="Name" Type="Primitive" ValueType="String" Value="DefaultDelayTimeSource" />
        <Attribute Name="ValueID" Type="Primitive" ValueType="String" Value="SetInDefaults" />
      </TreeItem>
      <TreeItem Name="Parameter">
        <Attribute Name="Name" Type="Primitive" ValueType="String" Value="DefaultDelayDownTimeSource" />
        <Attribute Name="ValueID" Type="Primitive" ValueType="String" Value="SetInDefaults" />
      </TreeItem>
      <TreeItem Name="Parameter">
        <Attribute Name="Name" Type="Primitive" ValueType="String" Value="DefaultFadeTimeSource" />
        <Attribute Name="ValueID" Type="Primitive" ValueType="String" Value="SetInDefaults" />
      </TreeItem>
      <TreeItem Name="Parameter">
        <Attribute Name="Name" Type="Primitive" ValueType="String" Value="DefaultFadeDownTimeSource" />
        <Attribute Name="ValueID" Type="Primitive" ValueType="String" Value="SetInDefaults" />
      </TreeItem>
      <TreeItem Name="Parameter">
        <Attribute Name="Name" Type="Primitive" ValueType="String" Value="DefaultNameSource" />
        <Attribute Name="ValueID" Type="Primitive" ValueType="String" Value="SetInDefaults" />
      </TreeItem>
      <TreeItem Name="Parameter">
        <Attribute Name="Name" Type="Primitive" ValueType="String" Value="DefaultName" />
        <Attribute Name="Value" Type="Primitive" ValueType="String" Value="New Cue" />
      </TreeItem>
      <TreeItem Name="Parameter">
        <Attribute Name="Name" Type="Primitive" ValueType="String" Value="DefaultTakeFadesSource" />
        <Attribute Name="ValueID" Type="Primitive" ValueType="String" Value="SetInDefaults" />
      </TreeItem>
      <TreeItem Name="Parameter">
        <Attribute Name="Name" Type="Primitive" ValueType="String" Value="DefaultTakeFades" />
        <Attribute Name="Value" Type="Primitive" ValueType="Boolean" Value="False" />
      </TreeItem>
      <TreeItem Name="Parameter">
        <Attribute Name="Name" Type="Primitive" ValueType="String" Value="DefaultTriggerSource" />
        <Attribute Name="ValueID" Type="Primitive" ValueType="String" Value="SetInDefaults" />
      </TreeItem>
      <TreeItem Name="Parameter">
        <Attribute Name="Name" Type="Primitive" ValueType="String" Value="DefaultTrigger" />
        <Attribute Name="Value" Type="Primitive" ValueType="String" Value="manual" />
      </TreeItem>
      <TreeItem Name="Parameter">
        <Attribute Name="Name" Type="Primitive" ValueType="String" Value="DefaultTriggerValue" />
        <Attribute Name="Value" Type="Primitive" ValueType="String" Value="1" />
      </TreeItem>
    </TreeItem>
    <TreeItem Name="ProjectDefaultConfiguration">
      <Attribute Name="ID" Type="Primitive" ValueType="String" Value="960a0d1a-3c7f-4936-8849-9984a3c76e03" />
      <Attribute Name="ParameterableType" Type="IResourceSerializer" SerializerName="LumosTypeSerializer">
        <TreeItem Name="SerializedType">
          <Attribute Name="Value" Type="Primitive" ValueType="String" Value="org.dmxc.lumos.Kernel.Timecode.Tracks.TrackConfiguration, Lumos, Version=3.2.3.0, Culture=neutral, PublicKeyToken=null" />
        </TreeItem>
      </Attribute>
      <Attribute Name="ZZ_SAVE_INDEX" Type="Primitive" ValueType="Int32" Value="3" />
      <TreeItem Name="Parameter">
        <Attribute Name="Name" Type="Primitive" ValueType="String" Value="Name" />
        <Attribute Name="Value" Type="Primitive" ValueType="String" Value="New Track" />
      </TreeItem>
    </TreeItem>
    <TreeItem Name="ProjectDefaultConfiguration">
      <Attribute Name="ID" Type="Primitive" ValueType="String" Value="9a9fc849-bc20-490f-ab34-64ec98081a3d" />
      <Attribute Name="ParameterableType" Type="IResourceSerializer" SerializerName="LumosTypeSerializer">
        <TreeItem Name="SerializedType">
          <Attribute Name="Value" Type="Primitive" ValueType="String" Value="org.dmxc.lumos.Kernel.Timecode.TimecodeConfiguration, Lumos, Version=3.2.3.0, Culture=neutral, PublicKeyToken=null" />
        </TreeItem>
      </Attribute>
      <Attribute Name="ZZ_SAVE_INDEX" Type="Primitive" ValueType="Int32" Value="4" />
      <TreeItem Name="Parameter">
        <Attribute Name="Name" Type="Primitive" ValueType="String" Value="TimecodeName" />
        <Attribute Name="Value" Type="Primitive" ValueType="String" Value="New Timecode" />
      </TreeItem>
      <TreeItem Name="Parameter">
        <Attribute Name="Name" Type="Primitive" ValueType="String" Value="TimecodeTimer" />
        <Attribute Name="Value" Type="Enum" ValueType="org.dmxc.lumos.Kernel.Timecode.ETimecodeTimer, LumosLIB, Version=3.2.3.0, Culture=neutral, PublicKeyToken=null" Value="NONE" />
      </TreeItem>
    </TreeItem>
    <TreeItem Name="ProjectDefaultConfiguration">
      <Attribute Name="ID" Type="Primitive" ValueType="String" Value="7c0614ad-12fc-4940-bfee-d0e41ed2d1e2" />
      <Attribute Name="ParameterableType" Type="IResourceSerializer" SerializerName="LumosTypeSerializer">
        <TreeItem Name="SerializedType">
          <Attribute Name="Value" Type="Primitive" ValueType="String" Value="Lumos.GUI.Windows.TimecodePlayer.TimecodePlayerViewConfiguration, Lumos, Version=3.2.3.0, Culture=neutral, PublicKeyToken=null" />
        </TreeItem>
      </Attribute>
      <Attribute Name="ZZ_SAVE_INDEX" Type="Primitive" ValueType="Int32" Value="5" />
      <TreeItem Name="Parameter">
        <Attribute Name="Name" Type="Primitive" ValueType="String" Value="Name" />
        <Attribute Name="Value" Type="Primitive" ValueType="String" Value="Timecode Player" />
      </TreeItem>
      <TreeItem Name="Parameter">
        <Attribute Name="Name" Type="Primitive" ValueType="String" Value="Background" />
        <Attribute Name="Value" Type="XmlSerializer" ValueType="LumosLIB.GUI.Windows.PropertyGrid.BackgroundImage, LumosLIB, Version=3.2.3.0, Culture=neutral, PublicKeyToken=null">
          <BackgroundImage xmlns:xsi="http://www.w3.org/2001/XMLSchema-instance" xmlns:xsd="http://www.w3.org/2001/XMLSchema">
            <Image />
          </BackgroundImage>
        </Attribute>
      </TreeItem>
      <TreeItem Name="Parameter">
        <Attribute Name="Name" Type="Primitive" ValueType="String" Value="Background Layout" />
        <Attribute Name="Value" Type="Enum" ValueType="Lumos.GUI.Windows.TimecodePlayer.EImageLayout, LumosLIB, Version=3.2.3.0, Culture=neutral, PublicKeyToken=null" Value="None" />
      </TreeItem>
      <TreeItem Name="Parameter">
        <Attribute Name="Name" Type="Primitive" ValueType="String" Value="Grid Space" />
        <Attribute Name="Value" Type="Primitive" ValueType="Double" Value="0" />
      </TreeItem>
      <TreeItem Name="Parameter">
        <Attribute Name="Name" Type="Primitive" ValueType="String" Value="Fore Color" />
        <Attribute Name="Value" Type="IResourceSerializer" SerializerName="LumosTypeSerializer">
          <TreeItem Name="SerializedColor">
            <Attribute Name="Value" Type="Primitive" ValueType="Int32" Value="-1" />
          </TreeItem>
        </Attribute>
      </TreeItem>
      <TreeItem Name="Parameter">
        <Attribute Name="Name" Type="Primitive" ValueType="String" Value="Fore Color Selected" />
        <Attribute Name="Value" Type="IResourceSerializer" SerializerName="LumosTypeSerializer">
          <TreeItem Name="SerializedColor">
            <Attribute Name="Value" Type="Primitive" ValueType="Int32" Value="-1" />
          </TreeItem>
        </Attribute>
      </TreeItem>
      <TreeItem Name="Parameter">
        <Attribute Name="Name" Type="Primitive" ValueType="String" Value="Back Color" />
        <Attribute Name="Value" Type="IResourceSerializer" SerializerName="LumosTypeSerializer">
          <TreeItem Name="SerializedColor">
            <Attribute Name="Value" Type="Primitive" ValueType="Int32" Value="-1273423504" />
          </TreeItem>
        </Attribute>
      </TreeItem>
      <TreeItem Name="Parameter">
        <Attribute Name="Name" Type="Primitive" ValueType="String" Value="Back Color Selected" />
        <Attribute Name="Value" Type="IResourceSerializer" SerializerName="LumosTypeSerializer">
          <TreeItem Name="SerializedColor">
            <Attribute Name="Value" Type="Primitive" ValueType="Int32" Value="-1769275392" />
          </TreeItem>
        </Attribute>
      </TreeItem>
      <TreeItem Name="Parameter">
        <Attribute Name="Name" Type="Primitive" ValueType="String" Value="Options#ShowIconNames" />
        <Attribute Name="Value" Type="Primitive" ValueType="Boolean" Value="True" />
      </TreeItem>
      <TreeItem Name="Parameter">
        <Attribute Name="Name" Type="Primitive" ValueType="String" Value="Options#ShowIconNumbers" />
        <Attribute Name="Value" Type="Primitive" ValueType="Boolean" Value="False" />
      </TreeItem>
      <TreeItem Name="Parameter">
        <Attribute Name="Name" Type="Primitive" ValueType="String" Value="Options#LockIconPosition" />
        <Attribute Name="Value" Type="Primitive" ValueType="Boolean" Value="False" />
      </TreeItem>
      <TreeItem Name="Parameter">
        <Attribute Name="Name" Type="Primitive" ValueType="String" Value="Options#ShowIconSelectionNumbers" />
        <Attribute Name="Value" Type="Primitive" ValueType="Boolean" Value="True" />
      </TreeItem>
      <TreeItem Name="Parameter">
        <Attribute Name="Name" Type="Primitive" ValueType="String" Value="Options#ShowIconIntensity" />
        <Attribute Name="Value" Type="Primitive" ValueType="Boolean" Value="False" />
      </TreeItem>
      <TreeItem Name="Parameter">
        <Attribute Name="Name" Type="Primitive" ValueType="String" Value="Options#ShowMenuStrip" />
        <Attribute Name="Value" Type="Primitive" ValueType="Boolean" Value="True" />
      </TreeItem>
      <TreeItem Name="Parameter">
        <Attribute Name="Name" Type="Primitive" ValueType="String" Value="Options#ShowGrid" />
        <Attribute Name="Value" Type="Primitive" ValueType="Boolean" Value="False" />
      </TreeItem>
    </TreeItem>
    <TreeItem Name="ProjectDefaultConfiguration">
      <Attribute Name="ID" Type="Primitive" ValueType="String" Value="6e92579b-e0ef-4190-9fe1-5ebcb9a0cc77" />
      <Attribute Name="ParameterableType" Type="IResourceSerializer" SerializerName="LumosTypeSerializer">
        <TreeItem Name="SerializedType">
          <Attribute Name="Value" Type="Primitive" ValueType="String" Value="Lumos.GUI.Windows.LiveView.LiveViewConfiguration, Lumos, Version=3.2.3.0, Culture=neutral, PublicKeyToken=null" />
        </TreeItem>
      </Attribute>
      <Attribute Name="ZZ_SAVE_INDEX" Type="Primitive" ValueType="Int32" Value="6" />
      <TreeItem Name="Parameter">
        <Attribute Name="Name" Type="Primitive" ValueType="String" Value="Name" />
        <Attribute Name="Value" Type="Primitive" ValueType="String" Value="Stage View" />
      </TreeItem>
      <TreeItem Name="Parameter">
        <Attribute Name="Name" Type="Primitive" ValueType="String" Value="Background" />
        <Attribute Name="Value" Type="XmlSerializer" ValueType="LumosLIB.GUI.Windows.PropertyGrid.BackgroundImage, LumosLIB, Version=3.2.3.0, Culture=neutral, PublicKeyToken=null">
          <BackgroundImage xmlns:xsi="http://www.w3.org/2001/XMLSchema-instance" xmlns:xsd="http://www.w3.org/2001/XMLSchema">
            <Image />
          </BackgroundImage>
        </Attribute>
      </TreeItem>
      <TreeItem Name="Parameter">
        <Attribute Name="Name" Type="Primitive" ValueType="String" Value="Background Layout" />
        <Attribute Name="Value" Type="Enum" ValueType="Lumos.GUI.Windows.LiveView.EImageLayout, LumosLIB, Version=3.2.3.0, Culture=neutral, PublicKeyToken=null" Value="None" />
      </TreeItem>
      <TreeItem Name="Parameter">
        <Attribute Name="Name" Type="Primitive" ValueType="String" Value="Grid Space" />
        <Attribute Name="Value" Type="Primitive" ValueType="Double" Value="16" />
      </TreeItem>
      <TreeItem Name="Parameter">
        <Attribute Name="Name" Type="Primitive" ValueType="String" Value="Fore Color" />
        <Attribute Name="Value" Type="IResourceSerializer" SerializerName="LumosTypeSerializer">
          <TreeItem Name="SerializedColor">
            <Attribute Name="Value" Type="Primitive" ValueType="Int32" Value="-1" />
          </TreeItem>
        </Attribute>
      </TreeItem>
      <TreeItem Name="Parameter">
        <Attribute Name="Name" Type="Primitive" ValueType="String" Value="Fore Color Selected" />
        <Attribute Name="Value" Type="IResourceSerializer" SerializerName="LumosTypeSerializer">
          <TreeItem Name="SerializedColor">
            <Attribute Name="Value" Type="Primitive" ValueType="Int32" Value="-1" />
          </TreeItem>
        </Attribute>
      </TreeItem>
      <TreeItem Name="Parameter">
        <Attribute Name="Name" Type="Primitive" ValueType="String" Value="Back Color" />
        <Attribute Name="Value" Type="IResourceSerializer" SerializerName="LumosTypeSerializer">
          <TreeItem Name="SerializedColor">
            <Attribute Name="Value" Type="Primitive" ValueType="Int32" Value="-1273423504" />
          </TreeItem>
        </Attribute>
      </TreeItem>
      <TreeItem Name="Parameter">
        <Attribute Name="Name" Type="Primitive" ValueType="String" Value="Back Color Selected" />
        <Attribute Name="Value" Type="IResourceSerializer" SerializerName="LumosTypeSerializer">
          <TreeItem Name="SerializedColor">
            <Attribute Name="Value" Type="Primitive" ValueType="Int32" Value="-1769275392" />
          </TreeItem>
        </Attribute>
      </TreeItem>
      <TreeItem Name="Parameter">
        <Attribute Name="Name" Type="Primitive" ValueType="String" Value="Back Color Related Selected" />
        <Attribute Name="Value" Type="IResourceSerializer" SerializerName="LumosTypeSerializer">
          <TreeItem Name="SerializedColor">
            <Attribute Name="Value" Type="Primitive" ValueType="Int32" Value="-1769246720" />
          </TreeItem>
        </Attribute>
      </TreeItem>
      <TreeItem Name="Parameter">
        <Attribute Name="Name" Type="Primitive" ValueType="String" Value="OverlayDisplay" />
        <Attribute Name="ValueID" Type="Primitive" ValueType="String" Value="OverlayDisplay#Important" />
      </TreeItem>
      <TreeItem Name="Parameter">
        <Attribute Name="Name" Type="Primitive" ValueType="String" Value="Options#ShowIconNames" />
        <Attribute Name="Value" Type="Primitive" ValueType="Boolean" Value="True" />
      </TreeItem>
      <TreeItem Name="Parameter">
        <Attribute Name="Name" Type="Primitive" ValueType="String" Value="Options#ShowIconNumbers" />
        <Attribute Name="Value" Type="Primitive" ValueType="Boolean" Value="False" />
      </TreeItem>
      <TreeItem Name="Parameter">
        <Attribute Name="Name" Type="Primitive" ValueType="String" Value="Options#LockIconPosition" />
        <Attribute Name="Value" Type="Primitive" ValueType="Boolean" Value="False" />
      </TreeItem>
      <TreeItem Name="Parameter">
        <Attribute Name="Name" Type="Primitive" ValueType="String" Value="Options#ShowIconSelectionNumbers" />
        <Attribute Name="Value" Type="Primitive" ValueType="Boolean" Value="True" />
      </TreeItem>
      <TreeItem Name="Parameter">
        <Attribute Name="Name" Type="Primitive" ValueType="String" Value="Options#ShowIconIntensity" />
        <Attribute Name="Value" Type="Primitive" ValueType="Boolean" Value="False" />
      </TreeItem>
      <TreeItem Name="Parameter">
        <Attribute Name="Name" Type="Primitive" ValueType="String" Value="Options#ShowMenuStrip" />
        <Attribute Name="Value" Type="Primitive" ValueType="Boolean" Value="True" />
      </TreeItem>
      <TreeItem Name="Parameter">
        <Attribute Name="Name" Type="Primitive" ValueType="String" Value="Options#ShowGrid" />
        <Attribute Name="Value" Type="Primitive" ValueType="Boolean" Value="False" />
      </TreeItem>
      <TreeItem Name="Parameter">
        <Attribute Name="Name" Type="Primitive" ValueType="String" Value="Options#FixCamera" />
        <Attribute Name="Value" Type="Primitive" ValueType="Boolean" Value="False" />
      </TreeItem>
    </TreeItem>
    <TreeItem Name="ProjectDefaultConfiguration">
      <Attribute Name="ID" Type="Primitive" ValueType="String" Value="982047c0-fbb4-4fd5-ae40-890e802c59f7" />
      <Attribute Name="ParameterableType" Type="IResourceSerializer" SerializerName="LumosTypeSerializer">
        <TreeItem Name="SerializedType">
          <Attribute Name="Value" Type="Primitive" ValueType="String" Value="org.dmxc.lumos.Kernel.SceneList.SceneListGroupConfiguration, Lumos, Version=3.2.3.0, Culture=neutral, PublicKeyToken=null" />
        </TreeItem>
      </Attribute>
      <Attribute Name="ZZ_SAVE_INDEX" Type="Primitive" ValueType="Int32" Value="7" />
      <TreeItem Name="Parameter">
        <Attribute Name="Name" Type="Primitive" ValueType="String" Value="SceneListStartBehaviour" />
        <Attribute Name="ValueID" Type="Primitive" ValueType="String" Value="SceneListStartBehaviour#None" />
      </TreeItem>
      <TreeItem Name="Parameter">
        <Attribute Name="Name" Type="Primitive" ValueType="String" Value="SceneListStopBehaviour" />
        <Attribute Name="ValueID" Type="Primitive" ValueType="String" Value="SceneListStopBehaviour#None" />
      </TreeItem>
    </TreeItem>
  </TreeItem>
</ManagedTreeData>