<ManagedTreeData Version="1">
  <TreeItem Name="AudioAnalyserSettings">
    <TreeItem Name="Common">
      <Attribute Name="Gain" Type="Primitive" ValueType="Int32" Value="50" />
    </TreeItem>
    <TreeItem Name="Level">
      <Attribute Name="VUGain" Type="Primitive" ValueType="Int32" Value="50" />
    </TreeItem>
    <TreeItem Name="Spectrum">
      <Attribute Name="SubBands" Type="Primitive" ValueType="Int32" Value="-1" />
      <Attribute Name="SpecGain" Type="Primitive" ValueType="Int32" Value="50" />
    </TreeItem>
    <TreeItem Name="Beat">
      <Attribute Name="Algorithm" Type="Primitive" ValueType="Int32" Value="-1" />
      <Attribute Name="Sensitivity" Type="Primitive" ValueType="Int32" Value="50" />
      <Attribute Name="MaxBpmOnOff" Type="Primitive" ValueType="Boolean" Value="True" />
      <Attribute Name="MaxBPM" Type="Primitive" ValueType="Int32" Value="240" />
      <Attribute Name="ForecastCount" Type="Primitive" ValueType="Int32" Value="16" />
      <Attribute Name="DoubleSpeed" Type="Primitive" ValueType="Boolean" Value="False" />
      <Attribute Name="HalfSpeed" Type="Primitive" ValueType="Boolean" Value="False" />
    </TreeItem>
    <TreeItem Name="Generator">
      <Attribute Name="GeneratorOnOff" Type="Primitive" ValueType="Boolean" Value="False" />
      <Attribute Name="GeneratorBPM" Type="XmlSerializer" ValueType="System.Decimal, mscorlib, Version=4.0.0.0, Culture=neutral, PublicKeyToken=b77a5c561934e089">
        <decimal>120</decimal>
      </Attribute>
      <Attribute Name="Rhythm" Type="Primitive" ValueType="Int32" Value="-1" />
    </TreeItem>
  </TreeItem>
</ManagedTreeData>