<ManagedTreeData Version="1">
  <TreeItem Name="Masters">
    <TreeItem Name="SpecialMasters">
      <TreeItem Name="GrandMaster">
        <Attribute Name="Name" Type="Primitive" ValueType="String" Value="Grand Master" />
        <Attribute Name="FaderValue" Type="Primitive" ValueType="Double" Value="1" />
        <Attribute Name="Flash" Type="Primitive" ValueType="Boolean" Value="False" />
        <Attribute Name="Stomp" Type="Primitive" ValueType="Boolean" Value="False" />
      </TreeItem>
    </TreeItem>
    <TreeItem Name="GroupMasters">
      <TreeItem Name="GroupMaster">
        <Attribute Name="ID" Type="Primitive" ValueType="String" Value="b9bd6c0b-89c3-4ead-a63a-cc2e11449f4a" />
        <Attribute Name="Name" Type="Primitive" ValueType="String" Value="MH-X25 Group Master" />
        <Attribute Name="FaderValue" Type="Primitive" ValueType="Double" Value="1" />
        <Attribute Name="Flash" Type="Primitive" ValueType="Boolean" Value="False" />
        <Attribute Name="Stomp" Type="Primitive" ValueType="Boolean" Value="False" />
      </TreeItem>
      <TreeItem Name="GroupMaster">
        <Attribute Name="ID" Type="Primitive" ValueType="String" Value="94b05879-70fa-42e3-bfa6-ff20a7d75b8b" />
        <Attribute Name="Name" Type="Primitive" ValueType="String" Value="LED PAR 64 Group Master" />
        <Attribute Name="FaderValue" Type="Primitive" ValueType="Double" Value="1" />
        <Attribute Name="Flash" Type="Primitive" ValueType="Boolean" Value="False" />
        <Attribute Name="Stomp" Type="Primitive" ValueType="Boolean" Value="False" />
      </TreeItem>
      <TreeItem Name="GroupMaster">
        <Attribute Name="ID" Type="Primitive" ValueType="String" Value="adb58cef-1102-4d17-b47a-2df7f08978a0" />
        <Attribute Name="Name" Type="Primitive" ValueType="String" Value="PAR64 Back Group Master" />
        <Attribute Name="FaderValue" Type="Primitive" ValueType="Double" Value="1" />
        <Attribute Name="Flash" Type="Primitive" ValueType="Boolean" Value="False" />
        <Attribute Name="Stomp" Type="Primitive" ValueType="Boolean" Value="False" />
      </TreeItem>
      <TreeItem Name="GroupMaster">
        <Attribute Name="ID" Type="Primitive" ValueType="String" Value="893179fc-7b8f-477d-8944-7ca11bca7b12" />
        <Attribute Name="Name" Type="Primitive" ValueType="String" Value="MH-110 Wash 7x10 LED Group Master" />
        <Attribute Name="FaderValue" Type="Primitive" ValueType="Double" Value="1" />
        <Attribute Name="Flash" Type="Primitive" ValueType="Boolean" Value="False" />
        <Attribute Name="Stomp" Type="Primitive" ValueType="Boolean" Value="False" />
      </TreeItem>
      <TreeItem Name="GroupMaster">
        <Attribute Name="ID" Type="Primitive" ValueType="String" Value="62684020-05de-4103-8f69-f49b58cefa78" />
        <Attribute Name="Name" Type="Primitive" ValueType="String" Value="TS-255 Group Master" />
        <Attribute Name="FaderValue" Type="Primitive" ValueType="Double" Value="1" />
        <Attribute Name="Flash" Type="Primitive" ValueType="Boolean" Value="False" />
        <Attribute Name="Stomp" Type="Primitive" ValueType="Boolean" Value="False" />
      </TreeItem>
      <TreeItem Name="GroupMaster">
        <Attribute Name="ID" Type="Primitive" ValueType="String" Value="bed95336-9f2a-4a8e-bf34-f7a807fea7d9" />
        <Attribute Name="Name" Type="Primitive" ValueType="String" Value="MovingLight Master" />
        <Attribute Name="FaderValue" Type="Primitive" ValueType="Double" Value="1" />
        <Attribute Name="Flash" Type="Primitive" ValueType="Boolean" Value="False" />
        <Attribute Name="Stomp" Type="Primitive" ValueType="Boolean" Value="False" />
      </TreeItem>
      <TreeItem Name="GroupMaster">
        <Attribute Name="ID" Type="Primitive" ValueType="String" Value="b0124d0e-6881-4585-a899-904953e58030" />
        <Attribute Name="Name" Type="Primitive" ValueType="String" Value="Fresenel Stage Master" />
        <Attribute Name="FaderValue" Type="Primitive" ValueType="Double" Value="1" />
        <Attribute Name="Flash" Type="Primitive" ValueType="Boolean" Value="False" />
        <Attribute Name="Stomp" Type="Primitive" ValueType="Boolean" Value="False" />
      </TreeItem>
      <TreeItem Name="GroupMaster">
        <Attribute Name="ID" Type="Primitive" ValueType="String" Value="13ac88ee-a908-4b16-b4fc-86a79ccee179" />
        <Attribute Name="Name" Type="Primitive" ValueType="String" Value="Fresenel Front Master" />
        <Attribute Name="FaderValue" Type="Primitive" ValueType="Double" Value="1" />
        <Attribute Name="Flash" Type="Primitive" ValueType="Boolean" Value="False" />
        <Attribute Name="Stomp" Type="Primitive" ValueType="Boolean" Value="False" />
      </TreeItem>
      <TreeItem Name="GroupMaster">
        <Attribute Name="ID" Type="Primitive" ValueType="String" Value="ee91d619-d60b-46dc-a628-c3f5bd3b1e42" />
        <Attribute Name="Name" Type="Primitive" ValueType="String" Value="Fresnel Back Master" />
        <Attribute Name="FaderValue" Type="Primitive" ValueType="Double" Value="1" />
        <Attribute Name="Flash" Type="Primitive" ValueType="Boolean" Value="False" />
        <Attribute Name="Stomp" Type="Primitive" ValueType="Boolean" Value="False" />
      </TreeItem>
      <TreeItem Name="GroupMaster">
        <Attribute Name="ID" Type="Primitive" ValueType="String" Value="7578daca-57f7-41a4-ab68-ecc5935cd95b" />
        <Attribute Name="Name" Type="Primitive" ValueType="String" Value="LED Bar 240/8 RGB Group Master" />
        <Attribute Name="FaderValue" Type="Primitive" ValueType="Double" Value="1" />
        <Attribute Name="Flash" Type="Primitive" ValueType="Boolean" Value="False" />
        <Attribute Name="Stomp" Type="Primitive" ValueType="Boolean" Value="False" />
      </TreeItem>
      <TreeItem Name="GroupMaster">
        <Attribute Name="ID" Type="Primitive" ValueType="String" Value="465e0160-7005-456c-80da-e30d8b39b1cd" />
        <Attribute Name="Name" Type="Primitive" ValueType="String" Value="KL FRESNEL 6 Group Master" />
        <Attribute Name="FaderValue" Type="Primitive" ValueType="Double" Value="1" />
        <Attribute Name="Flash" Type="Primitive" ValueType="Boolean" Value="False" />
        <Attribute Name="Stomp" Type="Primitive" ValueType="Boolean" Value="False" />
      </TreeItem>
      <TreeItem Name="GroupMaster">
        <Attribute Name="ID" Type="Primitive" ValueType="String" Value="42991332-7337-4068-9f6c-47bf66886fbc" />
        <Attribute Name="Name" Type="Primitive" ValueType="String" Value="BSW-100 Group Master" />
        <Attribute Name="FaderValue" Type="Primitive" ValueType="Double" Value="1" />
        <Attribute Name="Flash" Type="Primitive" ValueType="Boolean" Value="False" />
        <Attribute Name="Stomp" Type="Primitive" ValueType="Boolean" Value="False" />
      </TreeItem>
      <TreeItem Name="GroupMaster">
        <Attribute Name="ID" Type="Primitive" ValueType="String" Value="934dbd19-4f34-4747-ab5f-20335e3380b5" />
        <Attribute Name="Name" Type="Primitive" ValueType="String" Value="MH-x200 Group Master" />
        <Attribute Name="FaderValue" Type="Primitive" ValueType="Double" Value="1" />
        <Attribute Name="Flash" Type="Primitive" ValueType="Boolean" Value="False" />
        <Attribute Name="Stomp" Type="Primitive" ValueType="Boolean" Value="False" />
      </TreeItem>
    </TreeItem>
    <TreeItem Name="SpeedMasters">
      <TreeItem Name="SpeedMaster">
        <Attribute Name="ID" Type="Primitive" ValueType="String" Value="45824f54-b11c-432a-88c1-4e5397721870" />
        <Attribute Name="Name" Type="Primitive" ValueType="String" Value="SpeedMaster 1" />
        <Attribute Name="Number" Type="Primitive" ValueType="UInt32" Value="1" />
        <Attribute Name="TopBound" Type="Primitive" ValueType="Double" Value="3.75" />
        <Attribute Name="FaderValue" Type="Primitive" ValueType="Double" Value="0.355555555555556" />
      </TreeItem>
    </TreeItem>
    <TreeItem Name="ParameterMasters">
      <TreeItem Name="ParameterMaster">
        <Attribute Name="ID" Type="Primitive" ValueType="String" Value="f3743275-4916-4073-9974-432f072c8785" />
        <Attribute Name="Name" Type="Primitive" ValueType="String" Value="ParameterMaster 1" />
        <Attribute Name="Number" Type="Primitive" ValueType="UInt32" Value="1" />
        <Attribute Name="TopBound" Type="Primitive" ValueType="Double" Value="100" />
        <Attribute Name="FaderValue" Type="Primitive" ValueType="Double" Value="1" />
      </TreeItem>
    </TreeItem>
  </TreeItem>
</ManagedTreeData>